,robot,Name_C,SNR_C,SUB,P_name,Curr_A1_LQ,Curr_A2_LQ,Curr_A3_LQ,Curr_A4_LQ,Curr_A5_LQ,Curr_A6_LQ,Curr_E1_LQ,Curr_A1_HQ,Curr_A2_HQ,Curr_A3_HQ,Curr_A4_HQ,Curr_A5_HQ,Curr_A6_HQ,Curr_E1_HQ,size,QH1,QL1,QH2,QL2,QH3,QL3,QH4,QL4,QH5,QL5,QH6,QL6,QH7,QL7
0,AS33_020RB_400,/R1/BrakeTestReq.SRC,101,/R1/BrakeTestReq.SRC,$AXIS_ACT,-0.655651093,6.51454926,5.15604,-1.20735168,-0.109672546,-0.824928284,0.0,4.27150726,14.2140388,10.5705261,1.73091888,3.02314758,0.39768219,0.0,21,4.17150726,0.555651093,14.114038800000001,0.0,10.4705261,0.0,1.6309188799999998,1.1073516799999998,2.9231475799999997,0.00967254599999999,0.29768218999999996,0.724928284,0.0,0.0
1,AS33_020RB_400,/R1/BrakeTestReq.SRC,103,/R1/BrakeTestReq.SRC,AxisRel,-2.2816658,2.92396545,4.90188599,-33.9765549,-0.215530396,-2.32028961,0.0,31.0077667,44.3897247,15.0156021,12.8231049,4.75406647,2.94971466,0.0,61,30.9077667,2.1816657999999998,44.2897247,0.0,14.915602100000001,0.0,12.723104900000001,33.876554899999995,4.65406647,0.11553039600000001,2.84971466,2.22028961,0.0,0.0
2,AS33_020RB_400,/R1/BrakeTestReq.SRC,103,/R1/BrakeTestReq.SRC,AxisRel,-2.2816658,2.92396545,4.90188599,-33.9765549,-0.215530396,-2.32028961,0.0,31.0077667,44.3897247,15.0156021,12.8231049,4.75406647,2.94971466,0.0,61,30.9077667,2.1816657999999998,44.2897247,0.0,14.915602100000001,0.0,12.723104900000001,33.876554899999995,4.65406647,0.11553039600000001,2.84971466,2.22028961,0.0,0.0
3,AS33_020RB_400,/R1/BrakeTestReq.SRC,116,/R1/BrakeTestReq.SRC,AxisRel,-2.26736069,5.93233109,4.94146347,-1.79100037,-0.228881836,-1.85489655,0.0,2.49481201,13.3366585,9.71651077,2.57873535,3.90911102,2.41947174,0.0,20,2.39481201,2.1673606899999998,13.2366585,0.0,9.61651077,0.0,2.47873535,1.6910003699999998,3.80911102,0.128881836,2.31947174,1.75489655,0.0,0.0
4,AS33_020RB_400,/R1/BrakeTestReq.SRC,116,/R1/BrakeTestReq.SRC,AxisRel,-2.26736069,5.93233109,4.94146347,-1.79100037,-0.228881836,-1.85489655,0.0,2.49481201,13.3366585,9.71651077,2.57873535,3.90911102,2.41947174,0.0,20,2.39481201,2.1673606899999998,13.2366585,0.0,9.61651077,0.0,2.47873535,1.6910003699999998,3.80911102,0.128881836,2.31947174,1.75489655,0.0,0.0
5,AS33_020RB_400,/R1/BrakeTestReq.SRC,121,/R1/BrakeTestReq.SRC,,-0.336170197,8.58020782,5.88846207,-1.09672546,3.80134583,-1.63173676,0.0,-0.329494476,9.07325745,5.95283508,-0.915527344,3.82995605,-1.16348267,0.0,2,0.0,0.236170197,8.97325745,0.0,5.85283508,0.0,0.0,0.9967254600000001,3.7299560499999997,0.0,0.0,1.5317367599999998,0.0,0.0
6,AS33_020RB_400,/R1/BrakeTestStart.SRC,30,,XLHP005,-0.541687,-26.4296532,4.14085388,0.118255615,0.922203064,-0.801086426,0.0,-0.401973724,32.1311951,15.1467323,0.137329102,1.76239014,-0.773429871,0.0,2,0.0,0.0,6.461620400000001,26.3296532,1.8019675999999993,0.0,0.037329102,0.0,0.7658004789999999,0.0,0.0,0.0,0.0,0.0
7,AS33_020RB_400,/R1/DAI_STUDWELD_MAIN.SRC,10,/R1/DAI_STUDWELD_MAIN.SRC,,0.00810623169,-3.90768051,6.08158112,-0.908851624,-2.2687912,0.020980835,0.0,0.487327576,-3.17382813,7.49444962,0.594139099,-0.933647156,0.137329102,0.0,2,0.0,0.0,0.0,0.0,0.0,0.0,0.0,0.808851624,0.0,0.0,0.037329102,0.0,0.0,0.0
8,AS33_020RB_400,/R1/HP080.SRC,114,,XHOME,-13.3776665,11.300087,6.4740181,-0.293731689,0.252723694,-1.22356415,0.0,10.0159645,13.4482384,6.94417953,0.093460083,1.3237,-0.538826,0.0,88,0.1969337400000004,0.13923650000000087,0.0,0.0,0.2679824800000006,0.0,0.0,0.0,0.25081639,0.0,0.0,0.0,0.0,0.0
9,AS33_020RB_400,/R1/HP080.SRC,137,,,-0.638484955,12.1011734,6.25801086,-0.352859497,-0.0762939453,-1.33419037,0.0,-0.165462494,14.5487785,6.79397583,0.00286102295,0.555992126,-1.06716156,0.0,190,0.0,0.538484955,14.4487785,0.0,6.69397583,0.0,0.0,0.252859497,0.45599212600000005,0.0,0.0,1.2341903699999999,0.0,0.0
10,AS33_020RB_400,/R1/HP080.SRC,71,,XHOME,-0.518798828,12.1793747,6.40916824,-1.09004974,0.257492065,-1.02233887,0.0,13.1621361,14.4643784,7.14349747,-0.0801086426,0.761032104,0.513076782,0.0,97,3.068923999999999,0.0,0.0,0.0,0.5002021799999996,0.0,0.0,0.0,0.0,0.0,0.0,0.0,0.0,0.0
11,AS33_020RB_400,/R1/HP140.SRC,125,,,-0.615596771,12.1011734,6.67715073,1.15871429,0.43964386,-0.881195068,0.0,-0.615596771,12.1011734,6.67715073,1.15871429,0.43964386,-0.881195068,0.0,1,0.0,0.515596771,12.0011734,0.0,6.5771507300000005,0.0,1.05871429,0.0,0.33964386,0.0,0.0,0.781195068,0.0,0.0
12,AS33_020RB_400,/R1/HP140.SRC,74,,XHOME,-0.495433807,8.5811615,5.99479675,-0.781059265,0.554084778,-0.799179077,0.0,-0.25510788,12.406826,6.84022903,1.07860565,0.868797302,-0.54359436,0.0,2,0.0,0.39543380699999997,12.306826000000001,0.0,6.74022903,0.0,0.9786056500000001,0.681059265,0.7687973020000001,0.0,0.0,0.699179077,0.0,0.0
13,AS33_020RB_400,/R1/HP150.SRC,109,,XHOME,-0.588417053,11.177063,7.26890564,0.288009644,0.749588,-0.946998596,0.0,-0.573158264,11.4274025,7.29751587,0.521659851,0.780105591,-0.909805298,0.0,2,0.0,0.48841705300000005,11.3274025,0.0,7.19751587,0.0,0.42165985100000003,0.0,0.680105591,0.0,0.0,0.846998596,0.0,0.0
14,AS33_020RB_400,/R1/HP150.SRC,109,,XHOME,-0.588417053,11.177063,7.26890564,0.288009644,0.749588,-0.946998596,0.0,-0.573158264,11.4274025,7.29751587,0.521659851,0.780105591,-0.909805298,0.0,2,0.0,0.48841705300000005,11.3274025,0.0,7.19751587,0.0,0.42165985100000003,0.0,0.680105591,0.0,0.0,0.846998596,0.0,0.0
15,AS33_020RB_400,/R1/HP150.SRC,125,,,-0.589847565,11.2261772,7.34853745,0.0867843628,0.407218933,-1.03187561,0.0,-0.552177429,12.3720169,7.46011734,0.25177002,0.734329224,-0.939369202,0.0,4,0.0,0.48984756500000004,12.2720169,0.0,7.36011734,0.0,0.15177001999999998,0.0,0.634329224,0.0,0.0,0.93187561,0.0,0.0
16,AS33_020RB_400,/R1/HP150.SRC,74,,XHOME,-1.03712082,12.4020576,5.64003,0.227928162,0.502586365,-0.96988678,0.0,-0.349521637,14.4319534,7.11679459,3.03173065,1.7156601,-0.763893127,0.0,3,0.0,0.93712082,14.3319534,0.0,7.01679459,0.0,2.93173065,0.0,1.6156601,0.0,0.0,0.86988678,0.0,0.0
17,AS33_020RB_400,/R1/HP180.SRC,112,/R1/BAS.SRC,,-0.642776489,11.7464066,6.80208206,-0.710487366,1.33895874,0.360488892,0.0,-0.642776489,11.7464066,6.80208206,-0.710487366,1.33895874,0.360488892,0.0,1,0.0,0.542776489,11.6464066,0.0,6.70208206,0.0,0.0,0.610487366,1.23895874,0.0,0.260488892,0.0,0.0,0.0
18,AS33_020RB_400,/R1/HP180.SRC,114,,XHOME,-0.751972198,10.7560158,6.28471375,-1.18350983,0.418663025,0.0820159912,0.0,-0.450611115,12.6667023,7.23648071,-0.186920166,1.76429749,0.677108765,0.0,258,0.0,0.0,0.0,0.0,0.9407997100000003,0.0,0.0,0.338554386,1.028060918,0.0,0.11348724399999999,0.0,0.0,0.0
19,AS33_020RB_400,/R1/HP180.SRC,137,,,-0.731945038,10.8590126,5.99432,-1.90162659,0.0734329224,0.367164612,0.0,-0.473022461,13.8711929,6.76345825,-0.764846802,0.926017761,0.813484192,0.0,764,0.0,0.631945038,13.7711929,0.0,6.663458250000001,0.0,0.0,1.80162659,0.826017761,0.0,0.713484192,0.0,0.0,0.0
20,AS33_020RB_400,/R1/HP180.SRC,71,,XHOME,-0.695705414,11.1265182,6.37674332,-1.77574158,0.386238098,-1.02901459,0.0,-0.179767609,14.1706467,7.17878342,0.262260437,1.79290771,0.608444214,0.0,361,0.0,0.0,0.0,0.0,0.9903907800000002,0.0,0.162260437,0.31375885000000014,0.820159907,0.0,0.19073486300000003,0.9290145900000001,0.0,0.0
21,AS33_020RB_400,/R1/HP190.SRC,114,,XHOME,-0.665187836,11.3544464,6.6204071,0.496864319,1.74331665,-1.21879578,0.0,-0.48828125,12.5193596,6.77537918,1.31511688,1.90448761,-1.00898743,0.0,5,0.0,0.565187836,12.4193596,0.0,6.67537918,0.0,1.2151168799999998,0.0,1.80448761,0.0,0.0,1.11879578,0.0,0.0
22,AS33_020RB_400,/R1/HP190.SRC,114,,XHOME,-0.665187836,11.3544464,6.6204071,0.496864319,1.74331665,-1.21879578,0.0,-0.48828125,12.5193596,6.77537918,1.31511688,1.90448761,-1.00898743,0.0,5,0.0,0.565187836,12.4193596,0.0,6.67537918,0.0,1.2151168799999998,0.0,1.80448761,0.0,0.0,1.11879578,0.0,0.0
23,AS33_020RB_400,/R1/HP190.SRC,137,,,-0.644207,11.2967491,6.35957718,0.126838684,1.61266327,-1.26838684,0.0,-0.472545624,13.7658119,6.79922104,1.02615356,1.93691254,-0.975608826,0.0,28,0.0,0.544207,13.6658119,0.0,6.69922104,0.0,0.92615356,0.0,1.83691254,0.0,0.0,1.16838684,0.0,0.0
24,AS33_020RB_400,/R1/HP190.SRC,71,,XHOME,-0.567436218,-5.21183,6.34527206,-2.4471283,0.789642334,-0.93460083,0.0,0.266075134,13.4592056,10.3211403,0.608444214,1.74236298,0.891685486,0.0,17,0.16607513399999999,0.467436218,13.359205600000001,5.11183,10.2211403,0.0,0.5084442140000001,2.3471283,1.64236298,0.0,0.791685486,0.8346008300000001,0.0,0.0
25,AS33_020RB_400,/R1/HP200.SRC,101,,XHOME,-13.3209229,6.46019,9.98926163,-0.843048096,1.22451782,-0.421524048,0.0,-13.3209229,6.46019,9.98926163,-0.843048096,1.22451782,-0.421524048,0.0,1,0.0,4.5871735099999995,0.0,0.0,0.0,0.0,0.0,0.0,0.0,0.0,0.0,0.0,0.0,0.0
26,AS33_020RB_400,/R1/HP200.SRC,101,,XHOME,-13.3209229,6.46019,9.98926163,-0.843048096,1.22451782,-0.421524048,0.0,-13.3209229,6.46019,9.98926163,-0.843048096,1.22451782,-0.421524048,0.0,1,0.0,4.5871735099999995,0.0,0.0,0.0,0.0,0.0,0.0,0.0,0.0,0.0,0.0,0.0,0.0
27,AS33_020RB_400,/R1/HP250.SRC,62,,XHOME,-0.438690186,10.2081299,6.40153885,-0.714302063,0.657081604,-0.826835632,0.0,0.00953674316,14.275074,8.81147385,0.158309937,1.85680389,-0.327110291,0.0,5,0.0,0.0,0.0,0.0,2.258300780000001,0.0,0.058309937000000006,0.0,1.2292861899999998,0.0,0.0,0.726835632,0.0,0.0
28,AS33_020RB_400,/R1/HP250.SRC,62,,XHOME,-0.438690186,10.2081299,6.40153885,-0.714302063,0.657081604,-0.826835632,0.0,0.00953674316,14.275074,8.81147385,0.158309937,1.85680389,-0.327110291,0.0,5,0.0,0.0,0.0,0.0,2.258300780000001,0.0,0.058309937000000006,0.0,1.2292861899999998,0.0,0.0,0.726835632,0.0,0.0
29,AS33_020RB_400,/R1/HP250.SRC,97,,XHOME,-0.373840332,11.3630295,11.259079,-1.01184845,0.799179077,-0.54359436,0.0,-0.373840332,11.3630295,11.259079,-1.01184845,0.799179077,-0.54359436,0.0,1,0.0,0.273840332,11.2630295,0.0,11.159079,0.0,0.0,0.91184845,0.699179077,0.0,0.0,0.4435943600000001,0.0,0.0
30,AS33_020RB_400,/R1/HP250.SRC,97,,XHOME,-0.373840332,11.3630295,11.259079,-1.01184845,0.799179077,-0.54359436,0.0,-0.373840332,11.3630295,11.259079,-1.01184845,0.799179077,-0.54359436,0.0,1,0.0,0.273840332,11.2630295,0.0,11.159079,0.0,0.0,0.91184845,0.699179077,0.0,0.0,0.4435943600000001,0.0,0.0
31,AS33_020RB_400,/R1/SDB_020R4_020_V174_01.SRC,106,/R1/DAI_STUDWELD_MAIN.SRC,PWLD,-8.35943222,-4.09555435,-13.0634308,-8.81004333,-4.40883636,-19.9279785,0.0,1.54495239,26.3161659,21.2512016,19.6208954,0.312805176,9.06467438,0.0,375,0.8773803899999999,3.36360931,11.544227600000001,0.0,13.79013059,12.963430800000001,17.68302919,8.71004333,0.212805176,1.2416839599999996,8.96467438,17.921447739999998,0.0,0.0
32,AS33_020RB_400,/R1/SDB_020R4_020_V174_01.SRC,120,,XLHP012,-14.518261,-6.71434402,-6.41393661,-14.2192841,-4.8418045,-8.38851929,0.0,0.38766861,43.7951088,27.3318291,9.46140289,2.51483917,15.9416199,0.0,371,0.28766861,12.435913130000001,40.181159980000004,6.614344020000001,3.7555695,6.313936610000001,9.36140289,3.1604767000000002,0.8335113500000002,4.741804500000001,5.255699199999999,8.28851929,0.0,0.0
33,AS33_020RB_400,/R1/SDB_020R4_020_V174_01.SRC,134,,XLHP015,-8.55732,5.56516647,9.91916656,-11.2028122,-1.23977661,-0.273704529,0.0,-3.68499756,22.7651596,16.6807175,1.26552582,0.141143799,13.004303,0.0,69,0.0,1.9068721500000008,9.689331000000001,0.0,1.8053054999999993,0.0,1.1655258199999998,3.86714936,0.04114379899999998,0.6723403920000001,4.9915313900000005,0.17370452899999997,0.0,0.0
34,AS33_020RB_400,/R1/SDB_020R4_020_V174_01.SRC,134,,XLHP015,-8.55732,5.56516647,9.91916656,-11.2028122,-1.23977661,-0.273704529,0.0,-3.68499756,22.7651596,16.6807175,1.26552582,0.141143799,13.004303,0.0,69,0.0,1.9068721500000008,9.689331000000001,0.0,1.8053054999999993,0.0,1.1655258199999998,3.86714936,0.04114379899999998,0.6723403920000001,4.9915313900000005,0.17370452899999997,0.0,0.0
35,AS33_020RB_400,/R1/SDB_020R4_020_V174_01.SRC,145,,XLHP020,-15.2025223,6.01100922,-16.2324905,-11.0359192,-5.44834137,-6.80160522,0.0,-1.36089325,45.5594063,15.7279968,9.43851471,0.245094299,12.9098892,0.0,591,0.0,10.302543660000001,32.8874588,0.0,12.851238219999999,14.08290859,5.4101944,10.9359192,0.14509429899999998,2.1610259999999997,12.8098892,5.840301509,0.0,0.0
36,AS33_020RB_400,/R1/SDB_020R4_020_V174_01.SRC,145,,XLHP020,-15.2025223,6.01100922,-16.2324905,-11.0359192,-5.44834137,-6.80160522,0.0,-1.36089325,45.5594063,15.7279968,9.43851471,0.245094299,12.9098892,0.0,591,0.0,10.302543660000001,32.8874588,0.0,12.851238219999999,14.08290859,5.4101944,10.9359192,0.14509429899999998,2.1610259999999997,12.8098892,5.840301509,0.0,0.0
37,AS33_020RB_400,/R1/SDB_020R4_020_V174_01.SRC,159,,XHOME,-6.23416901,-15.5601501,-5.67245483,-26.0801315,-10.2672577,-9.9105835,0.0,4.26054,30.5314064,16.5276527,16.5910721,7.32040405,25.4821777,0.0,1246,0.7658004699999998,2.8138160699999997,13.408184000000002,1.9454955999999992,4.051685300000001,5.572454830000001,2.473831200000001,7.9393387,1.1692047099999998,2.60066987,8.767128,3.8967132599999994,0.0,0.0
38,AS33_020RB_400,/R1/SDB_020R4_020_V174_01.SRC,159,,XHOME,-6.23416901,-15.5601501,-5.67245483,-26.0801315,-10.2672577,-9.9105835,0.0,4.26054,30.5314064,16.5276527,16.5910721,7.32040405,25.4821777,0.0,1246,0.7658004699999998,2.8138160699999997,13.408184000000002,1.9454955999999992,4.051685300000001,5.572454830000001,2.473831200000001,7.9393387,1.1692047099999998,2.60066987,8.767128,3.8967132599999994,0.0,0.0
39,AS33_020RB_400,/R1/SDB_020R4_020_V174_01.SRC,162,,,-0.586032867,11.657238,6.75773621,-0.719070435,1.31416321,0.150680542,0.0,-0.539302826,11.8846893,6.80160522,-0.210762024,1.7747879,0.383377075,0.0,3,0.0,0.48603286700000004,11.7846893,0.0,6.70160522,0.0,0.0,0.619070435,1.6747878999999999,0.0,0.283377075,0.0,0.0,0.0
40,AS33_020RB_400,/R1/SDB_020R4_020_V174_01.SRC,36,,XHOME,-0.657558441,-4.46844101,6.4458847,-1.78527832,-0.325202942,-7.50923157,0.0,2.5806427,13.4959221,11.2333298,7.94792175,5.37014,0.595092773,0.0,323,2.4806426999999998,0.0,0.0,4.368441010000001,4.94909289,0.0,7.84792175,0.08106232000000002,4.17709343,0.225202942,0.13732910099999995,6.47735596,0.0,0.0
41,AS33_020RB_400,/R1/SDB_020R4_020_V174_01.SRC,53,,,-0.525474548,11.7959976,6.87360764,-0.942230225,0.812530518,0.435829163,0.0,-0.448226929,12.4998093,6.939888,-0.901222229,0.816345215,0.472068787,0.0,2,0.0,0.012397766000000088,0.0,0.0,0.49352646,0.0,0.0,0.06961822499999992,0.37765502900000003,0.0,0.372068787,0.0,0.0,0.0
42,AS33_020RB_400,/R1/SDB_020R4_020_V174_01.SRC,74,,XLHP005,-0.460624695,-13.449192,6.66856766,-1.23214722,0.595092773,-19.2480087,0.0,6.57653809,11.6481781,16.356945,20.5259323,10.4045868,0.541687,0.0,1014,0.6070137099999995,0.36062469499999994,7.098674770000001,4.383563949999999,1.1372565999999988,0.0,5.234718300000001,1.13214722,0.7038116500000005,0.0,0.44168700000000005,7.027626,0.0,0.0
43,AS33_020RB_400,/R1/SDB_020R4_020_V174_01.SRC,85,/R1/DAI_STUDWELD_MAIN.SRC,XLHP010,1.98459625,-22.002697,9.94253159,-2.04277039,0.280380249,-11.5404129,0.0,7.64799118,0.689983368,22.9926109,12.3033524,6.28757477,1.31607056,0.0,1125,2.70557404,0.0,0.5899833680000001,9.1562271,7.496833799999999,0.0,5.37967686,0.8392333999999999,2.4766922,0.0,0.12874604,5.09166717,0.0,0.0
44,AS33_020RB_400,/R1/SDB_020R4_020_V174_01.SRC,85,/R1/DAI_STUDWELD_MAIN.SRC,XLHP010,1.98459625,-22.002697,9.94253159,-2.04277039,0.280380249,-11.5404129,0.0,7.64799118,0.689983368,22.9926109,12.3033524,6.28757477,1.31607056,0.0,1125,2.70557404,0.0,0.5899833680000001,9.1562271,7.496833799999999,0.0,5.37967686,0.8392333999999999,2.4766922,0.0,0.12874604,5.09166717,0.0,0.0
45,AS33_020RB_400,/R1/SDB_020R4_020_V174_01.SRC,96,/R1/DAI_STUDWELD_MAIN.SRC,XLHP011,0.570297241,-13.0929947,-0.329494476,-1.11198425,0.0782012939,-10.8127594,0.0,5.18608093,5.15413284,16.3369179,10.8423233,2.22396851,1.23214722,0.0,113,5.0860809300000005,0.0,5.05413284,12.9929947,16.236917899999998,0.22949447599999998,10.7423233,1.0119842499999998,2.12396851,0.0,1.13214722,10.7127594,0.0,0.0
46,AS33_020RB_400,/R1/SDB_020R4_020_V174_01.SRC,96,/R1/DAI_STUDWELD_MAIN.SRC,XLHP011,0.570297241,-13.0929947,-0.329494476,-1.11198425,0.0782012939,-10.8127594,0.0,5.18608093,5.15413284,16.3369179,10.8423233,2.22396851,1.23214722,0.0,113,5.0860809300000005,0.0,5.05413284,12.9929947,16.236917899999998,0.22949447599999998,10.7423233,1.0119842499999998,2.12396851,0.0,1.13214722,10.7127594,0.0,0.0
47,AS33_020RB_400,/R1/SDB_020R4_020_V178_01.SRC,101,/R1/DAI_STUDWELD_MAIN.SRC,PWLD,-13.6790276,-6.07204437,-18.7792778,-7.9870224,-0.622749329,-6.05773926,0.0,2.42805481,27.7643204,21.6574669,8.80909,2.68745422,12.834549,0.0,17,2.32805481,13.5790276,27.664320399999998,5.972044370000001,21.557466899999998,18.679277799999998,8.70909,7.8870224,2.5874542199999997,0.522749329,12.734549000000001,5.95773926,0.0,0.0
48,AS33_020RB_400,/R1/SDB_020R4_020_V178_01.SRC,115,,XLHP015,-4.84275818,-1.29699707,10.1718903,-2.16674805,-1.94168091,-6.83689117,0.0,-1.77288055,22.6545334,23.1924057,4.66060638,0.692367554,0.494003296,0.0,4,0.0,4.74275818,22.554533399999997,1.1969970699999999,23.092405699999997,0.0,4.56060638,2.0667480499999997,0.5923675540000001,1.84168091,0.39400329599999995,6.736891170000001,0.0,0.0
49,AS33_020RB_400,/R1/SDB_020R4_020_V178_01.SRC,126,,XLHP016,-3.79323959,44.4355,-17.0087814,-4.16946411,-1.61743164,-4.32777405,0.0,0.856876373,60.0390434,5.6385994,0.302314758,0.254631042,1.61170959,0.0,6,0.756876373,3.69323959,59.939043399999996,0.0,5.538599400000001,16.9087814,0.202314758,4.06946411,0.15463104199999997,1.5174316399999999,1.51170959,4.227774050000001,0.0,0.0
50,AS33_020RB_400,/R1/SDB_020R4_020_V178_01.SRC,126,,XLHP016,-3.79323959,44.4355,-17.0087814,-4.16946411,-1.61743164,-4.32777405,0.0,0.856876373,60.0390434,5.6385994,0.302314758,0.254631042,1.61170959,0.0,6,0.756876373,3.69323959,59.939043399999996,0.0,5.538599400000001,16.9087814,0.202314758,4.06946411,0.15463104199999997,1.5174316399999999,1.51170959,4.227774050000001,0.0,0.0
51,AS33_020RB_400,/R1/SDB_020R4_020_V178_01.SRC,137,/R1/DAI_STUDWELD_MAIN.SRC,XLHP020,-15.4719353,-48.85149,-6.82020187,-4.42886353,0.253677368,-5.22041321,0.0,-2.32744217,33.4401131,2.60591507,-1.6746521,32.6528549,-0.218391418,0.0,24,0.0,15.3719353,33.340113099999996,48.75149,2.50591507,6.72020187,0.0,4.3288635300000005,32.5528549,0.0,0.0,5.120413210000001,0.0,0.0
52,AS33_020RB_400,/R1/SDB_020R4_020_V178_01.SRC,137,/R1/DAI_STUDWELD_MAIN.SRC,XLHP020,-15.4719353,-48.85149,-6.82020187,-4.42886353,0.253677368,-5.22041321,0.0,-2.32744217,33.4401131,2.60591507,-1.6746521,32.6528549,-0.218391418,0.0,24,0.0,15.3719353,33.340113099999996,48.75149,2.50591507,6.72020187,0.0,4.3288635300000005,32.5528549,0.0,0.0,5.120413210000001,0.0,0.0
53,AS33_020RB_400,/R1/SDB_020R4_020_V178_01.SRC,148,/R1/DAI_STUDWELD_MAIN.SRC,XLHP025,-6.65998459,-30.667305,-0.152587891,-2.16007233,-6.21509552,-17.0497894,0.0,23.9768028,-4.64916229,3.50999832,16.0236359,11.7235184,-3.11470032,0.0,7,23.8768028,6.55998459,0.0,30.567304999999998,3.4099983199999997,0.052587891,15.923635899999999,2.06007233,11.6235184,6.115095520000001,0.0,16.9497894,0.0,0.0
54,AS33_020RB_400,/R1/SDB_020R4_020_V178_01.SRC,148,/R1/DAI_STUDWELD_MAIN.SRC,XLHP025,-6.65998459,-30.667305,-0.152587891,-2.16007233,-6.21509552,-17.0497894,0.0,23.9768028,-4.64916229,3.50999832,16.0236359,11.7235184,-3.11470032,0.0,7,23.8768028,6.55998459,0.0,30.567304999999998,3.4099983199999997,0.052587891,15.923635899999999,2.06007233,11.6235184,6.115095520000001,0.0,16.9497894,0.0,0.0
55,AS33_020RB_400,/R1/SDB_020R4_020_V178_01.SRC,158,/R1/DAI_STUDWELD_MAIN.SRC,PWLD,-7.82299042,-11.7850304,6.47926331,-1.12533569,-7.92694092,-11.7836,0.0,23.1399536,25.1569748,18.6591148,12.7754211,2.76756287,5.15842438,0.0,6,23.039953599999997,7.72299042,25.0569748,11.6850304,18.5591148,0.0,12.675421100000001,1.02533569,2.66756287,7.82694092,5.05842438,11.6836,0.0,0.0
56,AS33_020RB_400,/R1/SDB_020R4_020_V178_01.SRC,183,/R1/DAI_STUDWELD_MAIN.SRC,XLHP035,-13.3395195,8.08429718,11.7282867,-18.0206299,-10.184288,17.0125961,0.0,-4.0678978,19.1273689,14.8653984,-9.43851471,-3.97491455,37.9085541,0.0,10,0.0,13.2395195,19.0273689,0.0,14.7653984,0.0,0.0,17.920629899999998,0.0,10.084288,37.8085541,0.0,0.0,0.0
57,AS33_020RB_400,/R1/SDB_020R4_020_V178_01.SRC,194,/R1/DAI_STUDWELD_MAIN.SRC,XLHP040,-4.47940826,-12.9857063,-2.99215317,-12.4263763,-12.9575729,5.64193726,0.0,11.3387108,5.85842133,11.4898682,-1.90258026,-4.84752655,24.0240097,0.0,22,11.2387108,4.37940826,5.75842133,12.8857063,11.3898682,2.89215317,0.0,12.3263763,0.0,12.857572900000001,23.9240097,0.0,0.0,0.0
58,AS33_020RB_400,/R1/SDB_020R4_020_V178_01.SRC,194,/R1/DAI_STUDWELD_MAIN.SRC,XLHP040,-4.47940826,-12.9857063,-2.99215317,-12.4263763,-12.9575729,5.64193726,0.0,11.3387108,5.85842133,11.4898682,-1.90258026,-4.84752655,24.0240097,0.0,22,11.2387108,4.37940826,5.75842133,12.8857063,11.3898682,2.89215317,0.0,12.3263763,0.0,12.857572900000001,23.9240097,0.0,0.0,0.0
59,AS33_020RB_400,/R1/SDB_020R4_020_V178_01.SRC,204,/R1/DAI_STUDWELD_MAIN.SRC,PWLD,-26.4163017,-2.81572342,5.84507,-6.58321381,-8.45813751,-20.1244354,0.0,23.9028931,0.343799591,13.0982399,16.1561966,5.02681732,13.9951706,0.0,18,23.8028931,26.3163017,0.243799591,2.7157234199999998,12.9982399,0.0,16.0561966,6.4832138100000005,4.9268173200000005,8.35813751,13.8951706,20.024435399999998,0.0,0.0
60,AS33_020RB_400,/R1/SDB_020R4_020_V178_01.SRC,245,,XLHP050,8.49866867,27.5235176,8.71086121,24.5361328,-6.41727448,-32.4172974,0.0,21.4924812,30.1890373,10.5023384,36.7174149,-4.55284119,-18.6138153,0.0,5,21.3924812,0.0,30.089037299999998,0.0,10.4023384,0.0,36.6174149,0.0,0.0,6.31727448,0.0,32.3172974,0.0,0.0
61,AS33_020RB_400,/R1/SDB_020R4_020_V178_01.SRC,256,,XLHP051,-4.1179657,9.41991806,-0.523090363,1.77001953,-9.33456421,-32.1369171,0.0,11.3868713,29.3779373,9.63068,35.3679657,-2.20012665,-17.1537399,0.0,44,11.2868713,4.0179657,29.277937299999998,0.0,9.53068,0.423090363,35.2679657,0.0,0.0,9.23456421,0.0,32.0369171,0.0,0.0
62,AS33_020RB_400,/R1/SDB_020R4_020_V178_01.SRC,256,,XLHP051,-4.1179657,9.41991806,-0.523090363,1.77001953,-9.33456421,-32.1369171,0.0,11.3868713,29.3779373,9.63068,35.3679657,-2.20012665,-17.1537399,0.0,44,11.2868713,4.0179657,29.277937299999998,0.0,9.53068,0.423090363,35.2679657,0.0,0.0,9.23456421,0.0,32.0369171,0.0,0.0
63,AS33_020RB_400,/R1/SDB_020R4_020_V178_01.SRC,263,,XHOME,-34.4605446,-9.83858109,-1.20925903,-7.02857971,-0.133514404,-6.46400452,0.0,31.1584473,10.3311539,13.5116577,3.34739685,2.11048126,7.13062286,0.0,19,31.058447299999997,34.3605446,10.2311539,9.73858109,13.411657700000001,1.1092590299999998,3.24739685,6.92857971,2.0104812599999997,0.033514404,7.03062286,6.36400452,0.0,0.0
64,AS33_020RB_400,/R1/SDB_020R4_020_V178_01.SRC,263,,XHOME,-34.4605446,-9.83858109,-1.20925903,-7.02857971,-0.133514404,-6.46400452,0.0,31.1584473,10.3311539,13.5116577,3.34739685,2.11048126,7.13062286,0.0,19,31.058447299999997,34.3605446,10.2311539,9.73858109,13.411657700000001,1.1092590299999998,3.24739685,6.92857971,2.0104812599999997,0.033514404,7.03062286,6.36400452,0.0,0.0
65,AS33_020RB_400,/R1/SDB_020R4_020_V178_01.SRC,37,,XHOME,-0.525474548,-12.2756958,6.84976578,-1.00421906,0.667572,-11.1131668,0.0,5.55706024,12.8817558,15.378952,16.0007477,8.45241547,0.484466553,0.0,12,5.457060240000001,0.42547454800000006,12.781755800000001,12.1756958,15.278952,0.0,15.900747700000002,0.9042190600000001,8.35241547,0.0,0.384466553,11.0131668,0.0,0.0
66,AS33_020RB_400,/R1/SDB_020R4_020_V178_01.SRC,37,,XHOME,-0.525474548,-12.2756958,6.84976578,-1.00421906,0.667572,-11.1131668,0.0,5.55706024,12.8817558,15.378952,16.0007477,8.45241547,0.484466553,0.0,12,5.457060240000001,0.42547454800000006,12.781755800000001,12.1756958,15.278952,0.0,15.900747700000002,0.9042190600000001,8.35241547,0.0,0.384466553,11.0131668,0.0,0.0
67,AS33_020RB_400,/R1/SDB_020R4_020_V178_01.SRC,63,/R1/dai_studweld.SRC,,-0.5402565,11.2285614,6.76441193,-0.918388367,0.789642334,-0.945091248,0.0,-0.370502472,13.0963326,7.01093674,0.631332397,1.59931183,0.509262085,0.0,3,0.0,0.44025650000000005,12.9963326,0.0,6.91093674,0.0,0.531332397,0.8183883670000001,1.49931183,0.0,0.40926208500000005,0.845091248,0.0,0.0
68,AS33_020RB_400,/R1/SDB_020R4_020_V178_01.SRC,79,/R1/DAI_STUDWELD_MAIN.SRC,XLHP005,3.15666199,-30.2453041,8.99410248,3.7317276,2.60162354,-29.9863815,0.0,9.6373558,-2.07042694,17.0884132,33.4043503,15.4800415,-2.79045105,0.0,11,9.5373558,0.0,0.0,30.145304099999997,16.9884132,0.0,33.304350299999996,0.0,15.3800415,0.0,0.0,29.8863815,0.0,0.0
69,AS33_020RB_400,/R1/SDB_020R4_020_V178_01.SRC,90,/R1/DAI_STUDWELD_MAIN.SRC,XLHP010,0.447273254,-31.621933,11.496067,-36.5552902,-5.90515137,-17.8537369,0.0,14.5435333,10.7069016,29.2878151,16.0427094,8.99124146,32.5584412,0.0,39,14.4435333,0.0,10.6069016,31.521932999999997,29.187815099999998,0.0,15.9427094,36.4552902,8.89124146,5.80515137,32.458441199999996,17.7537369,0.0,0.0
70,AS33_020RB_400,/R1/SDB_020R4_020_V178_01.SRC,90,/R1/DAI_STUDWELD_MAIN.SRC,XLHP010,0.447273254,-31.621933,11.496067,-36.5552902,-5.90515137,-17.8537369,0.0,14.5435333,10.7069016,29.2878151,16.0427094,8.99124146,32.5584412,0.0,39,14.4435333,0.0,10.6069016,31.521932999999997,29.187815099999998,0.0,15.9427094,36.4552902,8.89124146,5.80515137,32.458441199999996,17.7537369,0.0,0.0
71,AS33_020RB_400,/R1/SDB_020R4_020_X244_01.SRC,123,,XLHP015,-5.56373596,29.1204453,-21.8791962,21.229744,5.027771,-22.8834152,0.0,-5.56373596,29.1204453,-21.8791962,21.229744,5.027771,-22.8834152,0.0,1,0.0,5.46373596,29.0204453,0.0,0.0,21.779196199999998,21.129744,0.0,4.927771000000001,0.0,0.0,22.7834152,0.0,0.0
72,AS33_020RB_400,/R1/SDB_020R4_020_X244_01.SRC,123,,XLHP015,-5.56373596,29.1204453,-21.8791962,21.229744,5.027771,-22.8834152,0.0,-5.56373596,29.1204453,-21.8791962,21.229744,5.027771,-22.8834152,0.0,1,0.0,5.46373596,29.0204453,0.0,0.0,21.779196199999998,21.129744,0.0,4.927771000000001,0.0,0.0,22.7834152,0.0,0.0
73,AS33_020RB_400,/R1/SDB_020R4_020_X244_01.SRC,137,,XHOME,-8.72993469,-39.011,-1.52635574,-5.49888611,-10.8308792,-17.873764,0.0,7.21216202,34.2402458,10.474205,14.9450302,15.7117844,3.88622284,0.0,4,7.11216202,8.62993469,34.140245799999995,38.911,10.374205,1.42635574,14.8450302,5.39888611,15.611784400000001,10.7308792,3.7862228399999998,17.773764,0.0,0.0
74,AS33_020RB_400,/R1/SDB_020R4_020_X244_01.SRC,137,,XHOME,-8.72993469,-39.011,-1.52635574,-5.49888611,-10.8308792,-17.873764,0.0,7.21216202,34.2402458,10.474205,14.9450302,15.7117844,3.88622284,0.0,4,7.11216202,8.62993469,34.140245799999995,38.911,10.374205,1.42635574,14.8450302,5.39888611,15.611784400000001,10.7308792,3.7862228399999998,17.773764,0.0,0.0
75,AS33_020RB_400,/R1/SDB_020R4_020_X244_01.SRC,36,,XHOME,-0.44965744,11.7459297,7.18688965,-0.774383545,0.716209412,-0.696182251,0.0,-0.41437149,12.0940208,11.487484,0.973701477,0.811576843,-0.539779663,0.0,2,0.0,0.34965744,11.9940208,0.0,11.387484,0.0,0.873701477,0.674383545,0.711576843,0.0,0.0,0.596182251,0.0,0.0
76,AS33_020RB_400,/R1/SDB_020R4_020_X244_01.SRC,36,,XHOME,-0.44965744,11.7459297,7.18688965,-0.774383545,0.716209412,-0.696182251,0.0,-0.41437149,12.0940208,11.487484,0.973701477,0.811576843,-0.539779663,0.0,2,0.0,0.34965744,11.9940208,0.0,11.387484,0.0,0.873701477,0.674383545,0.711576843,0.0,0.0,0.596182251,0.0,0.0
77,AS33_020RB_400,/R1/SDB_020R4_020_X244_01.SRC,74,/R1/DAI_STUDWELD_MAIN.SRC,XLHP005,11.071682,-35.2916718,18.3238983,-11.6052628,22.4990845,13.1816864,0.0,11.6682053,-33.0023766,18.8746452,-11.5509033,23.0255127,13.4058,0.0,2,11.5682053,0.0,0.0,35.1916718,18.7746452,0.0,0.0,11.5052628,22.9255127,0.0,13.3058,0.0,0.0,0.0
78,AS33_020RB_400,/R1/SDB_020R4_020_X244_01.SRC,74,/R1/DAI_STUDWELD_MAIN.SRC,XLHP005,11.071682,-35.2916718,18.3238983,-11.6052628,22.4990845,13.1816864,0.0,11.6682053,-33.0023766,18.8746452,-11.5509033,23.0255127,13.4058,0.0,2,11.5682053,0.0,0.0,35.1916718,18.7746452,0.0,0.0,11.5052628,22.9255127,0.0,13.3058,0.0,0.0,0.0
79,AS33_020RB_400,/R1/SDB_020R4_020_X244_01.SRC,95,/R1/DAI_STUDWELD_MAIN.SRC,PWLD,-3.469944,6.64997101,13.9575,-5.27954102,0.212669373,-0.383377075,0.0,-3.469944,6.64997101,13.9575,-5.27954102,0.212669373,-0.383377075,0.0,1,0.0,3.369944,6.54997101,0.0,13.8575,0.0,0.0,5.17954102,0.11266937299999999,0.0,0.0,0.283377075,0.0,0.0
80,AS33_020RB_400,/R1/SDB_020R4_020_X248_01.SRC,105,/R1/DAI_STUDWELD_MAIN.SRC,XLHP030,-2.78615952,-54.5835495,-10.9667778,7.69996643,1.31416321,-17.7516937,0.0,13.2055283,11.0888481,15.8920288,12.3176575,10.9395981,-8.32462311,0.0,2,13.1055283,2.68615952,10.9888481,54.483549499999995,15.7920288,10.8667778,12.2176575,0.0,10.8395981,0.0,0.0,17.6516937,0.0,0.0
81,AS33_020RB_400,/R1/SDB_020R4_020_X248_01.SRC,115,/R1/DAI_STUDWELD_MAIN.SRC,PWLD,-2.45952606,0.623703,8.15200806,-0.541687,0.846862793,-0.0705719,0.0,-0.779628754,15.7966614,14.7705078,2.39944458,2.46524811,3.51524353,0.0,2,0.0,2.35952606,15.6966614,0.0,14.670507800000001,0.0,2.29944458,0.44168700000000005,2.36524811,0.0,3.4152435299999997,0.0,0.0,0.0
82,AS33_020RB_400,/R1/SDB_020R4_020_X248_01.SRC,132,/R1/DAI_STUDWELD_MAIN.SRC,XLHP040,-10.4866028,17.2696114,14.8863792,-19.9260712,-10.4227066,38.7449265,0.0,-10.4866028,17.2696114,14.8863792,-19.9260712,-10.4227066,38.7449265,0.0,1,0.0,10.3866028,17.169611399999997,0.0,14.7863792,0.0,0.0,19.826071199999998,0.0,10.3227066,38.6449265,0.0,0.0,0.0
83,AS33_020RB_400,/R1/SDB_020R4_020_X248_01.SRC,139,/R1/DAI_STUDWELD_MAIN.SRC,XLHP045,-3.00312042,-12.5193596,-2.48193741,-13.1721497,-13.1444931,21.7494965,0.0,10.3268623,6.08348846,10.5514526,-10.3712082,-6.54506683,24.3864059,0.0,5,10.2268623,2.90312042,5.98348846,12.4193596,10.4514526,2.38193741,0.0,13.0721497,0.0,13.0444931,24.2864059,0.0,0.0,0.0
84,AS33_020RB_400,/R1/SDB_020R4_020_X248_01.SRC,139,/R1/DAI_STUDWELD_MAIN.SRC,XLHP045,-3.00312042,-12.5193596,-2.48193741,-13.1721497,-13.1444931,21.7494965,0.0,10.3268623,6.08348846,10.5514526,-10.3712082,-6.54506683,24.3864059,0.0,5,10.2268623,2.90312042,5.98348846,12.4193596,10.4514526,2.38193741,0.0,13.0721497,0.0,13.0444931,24.2864059,0.0,0.0,0.0
85,AS33_020RB_400,/R1/SDB_020R4_020_X248_01.SRC,162,/R1/DAI_STUDWELD_MAIN.SRC,PWLD,1.34420395,-6.46019,5.85603714,-3.30352783,-2.32219696,1.17111206,0.0,2.16150284,-0.726223,13.9026642,-3.10421,-2.01511383,1.20353699,0.0,2,2.0615028399999997,0.0,0.0,6.36019,13.8026642,0.0,0.0,3.20352783,0.0,2.2221969599999998,1.1035369899999998,0.0,0.0,0.0
86,AS33_020RB_400,/R1/SDB_020R4_020_X248_01.SRC,172,,XLHP055,-17.7755356,-6.16312027,15.8886909,-7.81917572,-0.247955322,5.79929352,0.0,-17.7755356,-6.16312027,15.8886909,-7.81917572,-0.247955322,5.79929352,0.0,1,0.0,17.6755356,0.0,6.063120270000001,15.7886909,0.0,0.0,7.71917572,0.0,0.147955322,5.69929352,0.0,0.0,0.0
87,AS33_020RB_400,/R1/SDB_020R4_020_X248_01.SRC,182,,XLHP060,-10.5390549,6.90126419,15.5243874,13.1397247,9.38892365,-40.0562286,0.0,-3.12995911,10.4250908,17.7569389,22.4132538,17.4436569,-22.154808,0.0,3,0.0,10.4390549,10.3250908,0.0,17.6569389,0.0,22.3132538,0.0,17.3436569,0.0,0.0,39.956228599999996,0.0,0.0
88,AS33_020RB_400,/R1/SDB_020R4_020_X248_01.SRC,182,,XLHP060,-10.5390549,6.90126419,15.5243874,13.1397247,9.38892365,-40.0562286,0.0,-3.12995911,10.4250908,17.7569389,22.4132538,17.4436569,-22.154808,0.0,3,0.0,10.4390549,10.3250908,0.0,17.6569389,0.0,22.3132538,0.0,17.3436569,0.0,0.0,39.956228599999996,0.0,0.0
89,AS33_020RB_400,/R1/SDB_020R4_020_X248_01.SRC,189,,XLHP065,-4.28152084,5.0330162,12.401104,11.2218857,-3.5572052,-25.1188278,0.0,2.37369537,21.8596458,17.5976753,20.2798843,6.71958923,-23.3945847,0.0,3,2.27369537,4.18152084,21.759645799999998,0.0,17.497675299999997,0.0,20.179884299999998,0.0,6.619589230000001,3.4572051999999998,0.0,25.018827799999997,0.0,0.0
90,AS33_020RB_400,/R1/SDB_020R4_020_X248_01.SRC,189,,XLHP065,-4.28152084,5.0330162,12.401104,11.2218857,-3.5572052,-25.1188278,0.0,2.37369537,21.8596458,17.5976753,20.2798843,6.71958923,-23.3945847,0.0,3,2.27369537,4.18152084,21.759645799999998,0.0,17.497675299999997,0.0,20.179884299999998,0.0,6.619589230000001,3.4572051999999998,0.0,25.018827799999997,0.0,0.0
91,AS33_020RB_400,/R1/SDB_020R4_020_X248_01.SRC,196,,XHOME,-28.3350945,-7.96318054,-28.5429955,-8.83865356,-11.6691589,-25.7129669,0.0,3.282547,34.9392891,10.3368759,16.3240433,-0.0810623169,-9.25922394,0.0,5,3.182547,28.2350945,34.8392891,7.86318054,10.236875900000001,28.4429955,16.224043299999998,8.73865356,0.0,11.5691589,0.0,25.6129669,0.0,0.0
92,AS33_020RB_400,/R1/SDB_020R4_020_X248_01.SRC,196,,XHOME,-28.3350945,-7.96318054,-28.5429955,-8.83865356,-11.6691589,-25.7129669,0.0,3.282547,34.9392891,10.3368759,16.3240433,-0.0810623169,-9.25922394,0.0,5,3.182547,28.2350945,34.8392891,7.86318054,10.236875900000001,28.4429955,16.224043299999998,8.73865356,0.0,11.5691589,0.0,25.6129669,0.0,0.0
93,AS33_020RB_400,/R1/SDB_020R4_020_X248_01.SRC,37,,XHOME,-0.531196594,12.1073723,7.18688965,0.072479248,0.681877136,-0.875473,0.0,-0.49829483,12.2232437,7.61842728,0.961303711,0.712394714,-0.714302063,0.0,2,0.0,0.431196594,12.1232437,0.0,7.51842728,0.0,0.861303711,0.0,0.612394714,0.0,0.0,0.775473,0.0,0.0
94,AS33_020RB_400,/R1/SDB_020R4_020_X248_01.SRC,37,,XHOME,-0.531196594,12.1073723,7.18688965,0.072479248,0.681877136,-0.875473,0.0,-0.49829483,12.2232437,7.61842728,0.961303711,0.712394714,-0.714302063,0.0,2,0.0,0.431196594,12.1232437,0.0,7.51842728,0.0,0.861303711,0.0,0.612394714,0.0,0.0,0.775473,0.0,0.0
95,AS33_020RB_400,/R1/SDB_020R4_020_X248_01.SRC,40,,,-0.409126282,0.0157356262,-0.0629425049,-0.00667572,-0.00476837158,-0.690460205,0.0,0.0133514404,11.8579865,7.44962692,0.323295593,1.58405304,-0.0247955322,0.0,10,0.0,0.30912628200000003,11.757986500000001,0.0,7.34962692,0.0,0.223295593,0.0,1.4840530399999998,0.0,0.0,0.5904602050000001,0.0,0.0
96,AS33_020RB_400,/R1/SDB_020R4_020_X248_01.SRC,57,,XLHP005,6.69384,-39.9522781,23.3521461,-17.7125931,8.56399536,4.61483,0.0,16.3416862,-9.52196121,33.2369804,-5.84411621,25.935173,24.0020752,0.0,3,16.2416862,0.0,0.0,39.8522781,33.1369804,0.0,0.0,17.612593099999998,25.835172999999998,0.0,23.9020752,0.0,0.0,0.0
97,AS33_020RB_400,/R1/SDB_020R4_020_X248_01.SRC,71,/R1/DAI_STUDWELD_MAIN.SRC,XLHP015,-3.17764282,-26.0767937,0.111579895,-6.57081604,0.324249268,-25.5689621,0.0,2.11906433,28.1791687,16.8852806,29.0622711,5.03826141,7.62462616,0.0,3,2.01906433,3.07764282,28.0791687,25.976793699999998,16.7852806,0.0,28.9622711,6.470816040000001,4.93826141,0.0,7.52462616,25.4689621,0.0,0.0
98,AS33_020RB_400,/R1/SDB_020R4_020_X248_01.SRC,71,/R1/DAI_STUDWELD_MAIN.SRC,XLHP015,-3.17764282,-26.0767937,0.111579895,-6.57081604,0.324249268,-25.5689621,0.0,2.11906433,28.1791687,16.8852806,29.0622711,5.03826141,7.62462616,0.0,3,2.01906433,3.07764282,28.0791687,25.976793699999998,16.7852806,0.0,28.9622711,6.470816040000001,4.93826141,0.0,7.52462616,25.4689621,0.0,0.0
99,AS33_020RB_400,/R1/SDB_020R4_020_X248_01.SRC,81,/R1/DAI_STUDWELD_MAIN.SRC,PWLD,-3.81231308,-1.11818314,8.05807114,-12.0372772,0.782966614,-1.93977356,0.0,0.835895538,23.0307579,20.8673477,5.60092926,2.65216827,9.28592682,0.0,4,0.7358955380000001,3.71231308,22.9307579,1.0181831399999999,20.7673477,0.0,5.50092926,11.9372772,2.55216827,0.0,9.18592682,1.8397735599999998,0.0,0.0
100,AS33_020RB_400,/R1/SDB_020R4_020_X248_01.SRC,98,/R1/DAI_STUDWELD_MAIN.SRC,XLHP025,-10.1776123,31.4836502,-39.1769409,10.6468201,16.1714554,-30.1589966,0.0,-8.08048248,33.1625938,-30.33638,20.2407837,18.7768936,-11.0120773,0.0,2,0.0,10.0776123,33.0625938,0.0,0.0,39.0769409,20.1407837,0.0,18.6768936,0.0,0.0,30.058996599999997,0.0,0.0
101,AS33_020RB_400,/R1/maintenance.SRC,30,/R1/dai_ctrl_library.SRC,XGUEBERGABE5A,-6.31475449,11.054039,10.55336,-0.939369202,1.38664246,-0.309944153,0.0,3.36122513,11.3520622,11.0487938,-0.710487366,1.83582306,0.400543213,0.0,2,3.2612251299999997,6.214754490000001,11.252062200000001,0.0,10.9487938,0.0,0.0,0.839369202,1.73582306,0.0,0.300543213,0.209944153,0.0,0.0
102,AS33_020RB_400,/R1/maintenance.SRC,30,/R1/dai_ctrl_library.SRC,XGUEBERGABE5A,-6.31475449,11.054039,10.55336,-0.939369202,1.38664246,-0.309944153,0.0,3.36122513,11.3520622,11.0487938,-0.710487366,1.83582306,0.400543213,0.0,2,3.2612251299999997,6.214754490000001,11.252062200000001,0.0,10.9487938,0.0,0.0,0.839369202,1.73582306,0.0,0.300543213,0.209944153,0.0,0.0
103,AS33_020RB_400,/R1/maintenance.SRC,44,,XLM005,-51.0149,-32.3038101,-18.7330246,-1.22451782,5.43880463,0.651359558,0.0,-51.0149,-32.3038101,-18.7330246,-1.22451782,5.43880463,0.651359558,0.0,1,0.0,50.914899999999996,0.0,32.2038101,0.0,18.6330246,0.0,1.12451782,5.33880463,0.0,0.551359558,0.0,0.0,0.0
104,AS33_020RB_400,/R1/maintenance.SRC,44,,XLM005,-51.0149,-32.3038101,-18.7330246,-1.22451782,5.43880463,0.651359558,0.0,-51.0149,-32.3038101,-18.7330246,-1.22451782,5.43880463,0.651359558,0.0,1,0.0,50.914899999999996,0.0,32.2038101,0.0,18.6330246,0.0,1.12451782,5.33880463,0.0,0.551359558,0.0,0.0,0.0
105,AS33_020RB_400,/R1/maintenance.SRC,68,/R1/BAS.SRC,XGUEBERGABE5A,-3.9358139,8.6016655,5.78069687,-0.860214233,-4.570961,-0.351905823,0.0,36.9777679,40.8430099,25.2637863,0.694274902,1.09481812,0.194549561,0.0,2,36.8777679,3.8358138999999998,40.7430099,0.0,25.163786299999998,0.0,0.594274902,0.760214233,0.99481812,4.470961,0.094549561,0.251905823,0.0,0.0
106,AS33_020RB_400,/R1/maintenance.SRC,68,/R1/BAS.SRC,XGUEBERGABE5A,-3.9358139,8.6016655,5.78069687,-0.860214233,-4.570961,-0.351905823,0.0,36.9777679,40.8430099,25.2637863,0.694274902,1.09481812,0.194549561,0.0,2,36.8777679,3.8358138999999998,40.7430099,0.0,25.163786299999998,0.0,0.594274902,0.760214233,0.99481812,4.470961,0.094549561,0.251905823,0.0,0.0
107,AS33_020RB_400,/R1/swb_020r4_020_z177_0148v.SRC,108,/R1/DAI_STUDWELD_MAIN.SRC,PWLD,-4.30440903,-43.3115959,-6.23226166,-15.7880783,-13.5707855,-0.54359436,0.0,0.96988678,30.3459167,28.9511681,11.6844177,29.9320221,0.287055969,0.0,118,0.0,0.0,0.06866450000000057,1.0380745000000005,1.1653900999999998,0.0,0.0,1.3694763000000005,2.306938200000001,0.0,0.0,0.0,0.0,0.0
108,AS33_020RB_400,/R1/swb_020r4_020_z177_0148v.SRC,118,,XP8,-2.77805328,-35.0527763,-4.61769104,-6.93416595,-28.5835266,-2.161026,0.0,9.87148285,55.5501,10.3602409,23.0388641,15.7880783,8.3656311,0.0,150,0.26845931999999983,0.0,2.5568024000000023,0.0,0.0,0.2813339200000007,1.918792700000001,0.0,0.0,2.3136139,1.0995864800000001,0.0,0.0,0.0
109,AS33_020RB_400,/R1/swb_020r4_020_z177_0148v.SRC,125,/R1/DAI_STUDWELD_MAIN.SRC,XLHP005,0.463962555,-10.0317,6.92510605,2.44045258,-14.2440796,-29.548645,0.0,10.7851028,4.56523895,21.7461586,33.197403,0.816345215,0.0829696655,0.0,199,0.35047530000000116,0.0,0.1568794200000001,0.3867148,0.6194115000000018,0.0,3.3903122000000003,0.0,0.496864319,1.3551711999999991,0.0,3.421783399999999,0.0,0.0
110,AS33_020RB_400,/R1/swb_020r4_020_z177_0148v.SRC,125,/R1/DAI_STUDWELD_MAIN.SRC,XLHP005,0.463962555,-10.0317,6.92510605,2.44045258,-14.2440796,-29.548645,0.0,10.7851028,4.56523895,21.7461586,33.197403,0.816345215,0.0829696655,0.0,199,0.35047530000000116,0.0,0.1568794200000001,0.3867148,0.6194115000000018,0.0,3.3903122000000003,0.0,0.496864319,1.3551711999999991,0.0,3.421783399999999,0.0,0.0
111,AS33_020RB_400,/R1/swb_020r4_020_z177_0148v.SRC,132,/R1/DAI_STUDWELD_MAIN.SRC,XLHP010,3.41510773,-41.4848328,10.3058815,-10.6754303,-6.24656677,-15.8996582,0.0,15.8643723,-1.96170807,33.8544846,13.0329132,24.5924,8.34751129,0.0,117,1.2660026999999996,0.0,0.0,2.067089099999997,2.4700165,0.0,3.29494476,0.0,1.4181141000000004,1.7642974800000006,0.0,3.666877699999999,0.0,0.0
112,AS33_020RB_400,/R1/swb_020r4_020_z177_0148v.SRC,132,/R1/DAI_STUDWELD_MAIN.SRC,XLHP010,3.41510773,-41.4848328,10.3058815,-10.6754303,-6.24656677,-15.8996582,0.0,15.8643723,-1.96170807,33.8544846,13.0329132,24.5924,8.34751129,0.0,117,1.2660026999999996,0.0,0.0,2.067089099999997,2.4700165,0.0,3.29494476,0.0,1.4181141000000004,1.7642974800000006,0.0,3.666877699999999,0.0,0.0
113,AS33_020RB_400,/R1/swb_020r4_020_z177_0148v.SRC,142,/R1/DAI_STUDWELD_MAIN.SRC,PWLD,-20.1835632,-6.81877136,-11.8746758,-13.9474869,-7.77626038,-15.9950256,0.0,5.44452667,38.6519432,11.1570358,16.8390274,6.10160828,9.32025909,0.0,89,0.4615783699999998,0.0,0.0,0.0,2.6240348499999993,0.0,0.8935927999999986,0.0,2.3193359399999998,0.0,0.0,1.3055801000000002,0.0,0.0
114,AS33_020RB_400,/R1/swb_020r4_020_z177_0148v.SRC,152,,XLHP015,-13.3471489,-0.745773315,-1.73282623,-21.4395523,-13.9856339,-0.144004822,0.0,-2.48575211,20.5545425,8.28647614,0.00190734863,0.370979309,16.5281296,0.0,12,0.0,0.0,1.2688635999999995,0.0,0.0,0.06532669000000002,0.0,0.0,0.04768371599999999,0.06294259999999952,0.6866454999999991,0.0,0.0,0.0
115,AS33_020RB_400,/R1/swb_020r4_020_z177_0148v.SRC,159,,XLHP016,-46.5779305,7.40861893,-11.1308098,-21.8343735,-29.2606354,-8.53824615,0.0,-3.83710861,28.8310051,0.430583954,9.18102264,-12.7897263,16.9467926,0.0,22,0.0,0.8897782000000021,1.7223357999999998,0.0,0.0,0.12874599999999958,0.0,0.307083200000001,0.0,1.2264252000000013,1.0251998999999987,0.0,0.0,0.0
116,AS33_020RB_400,/R1/swb_020r4_020_z177_0148v.SRC,159,,XLHP016,-46.5779305,7.40861893,-11.1308098,-21.8343735,-29.2606354,-8.53824615,0.0,-3.83710861,28.8310051,0.430583954,9.18102264,-12.7897263,16.9467926,0.0,22,0.0,0.8897782000000021,1.7223357999999998,0.0,0.0,0.12874599999999958,0.0,0.307083200000001,0.0,1.2264252000000013,1.0251998999999987,0.0,0.0,0.0
117,AS33_020RB_400,/R1/swb_020r4_020_z177_0148v.SRC,166,/R1/DAI_STUDWELD_MAIN.SRC,XP1,-43.3187485,-31.5070152,-13.1573677,-25.8026123,-26.2956619,-27.3237228,0.0,37.3044,21.645546,16.8800354,27.4906158,11.3916397,23.7197876,0.0,358,0.0,4.893779799999997,7.966041599999999,14.131069200000002,0.0,3.734111779999999,3.0536651,8.6679459,0.0,4.650115899999999,11.9590759,4.433631899999998,0.0,0.0
118,AS33_020RB_400,/R1/swb_020r4_020_z177_0148v.SRC,166,/R1/DAI_STUDWELD_MAIN.SRC,XP1,-43.3187485,-31.5070152,-13.1573677,-25.8026123,-26.2956619,-27.3237228,0.0,37.3044,21.645546,16.8800354,27.4906158,11.3916397,23.7197876,0.0,358,0.0,4.893779799999997,7.966041599999999,14.131069200000002,0.0,3.734111779999999,3.0536651,8.6679459,0.0,4.650115899999999,11.9590759,4.433631899999998,0.0,0.0
119,AS33_020RB_400,/R1/swb_020r4_020_z177_0148v.SRC,173,/R1/DAI_STUDWELD_MAIN.SRC,XP2,0.270843506,-32.1574211,-13.2470131,-26.9489288,-3.57055664,-9.80854,0.0,3.20959091,21.2607384,21.1749077,11.3534927,-0.694274902,26.2174606,0.0,126,0.0,0.0,0.11110310000000112,0.0,0.0,1.0685921,0.0,2.5787353000000017,0.0,0.0,4.0006637000000005,0.0,0.0,0.0
120,AS33_020RB_400,/R1/swb_020r4_020_z177_0148v.SRC,173,/R1/DAI_STUDWELD_MAIN.SRC,XP2,0.270843506,-32.1574211,-13.2470131,-26.9489288,-3.57055664,-9.80854,0.0,3.20959091,21.2607384,21.1749077,11.3534927,-0.694274902,26.2174606,0.0,126,0.0,0.0,0.11110310000000112,0.0,0.0,1.0685921,0.0,2.5787353000000017,0.0,0.0,4.0006637000000005,0.0,0.0,0.0
121,AS33_020RB_400,/R1/swb_020r4_020_z177_0148v.SRC,183,/R1/DAI_STUDWELD_MAIN.SRC,PWLD,-22.7608681,-25.1111984,-2.1944046,-9.71698761,-10.5724335,-5.17845154,0.0,24.7430801,16.1600113,14.2765045,3.14235687,1.81388855,2.22873688,0.0,97,0.2784729000000006,0.0,0.7328987000000016,0.0,0.5097389000000003,0.07486342999999973,0.0,0.2651214599999996,0.0,0.9956360100000001,0.0,0.5083084100000006,0.0,0.0
122,AS33_020RB_400,/R1/swb_020r4_020_z177_0148v.SRC,193,/R1/DAI_STUDWELD_MAIN.SRC,XLHP020,-18.4721947,-4.24814224,5.25856,-32.9446793,-10.5543137,-14.7972107,0.0,9.87815857,12.3333931,18.8550949,17.8718567,2.10952759,30.4498672,0.0,254,0.0,1.368999500000001,1.8486977000000007,0.0,0.0,0.0,0.0,3.882408199999997,0.7791519199999999,1.073837319999999,5.046844400000001,2.2554398000000013,0.0,0.0
123,AS33_020RB_400,/R1/swb_020r4_020_z177_0148v.SRC,200,/R1/DAI_STUDWELD_MAIN.SRC,XLHP025,0.681400299,-59.5231056,5.31005859,1.59358978,-9.93537903,-10.0393295,0.0,23.314476,0.11920929,8.62026215,3.83281708,-1.03759766,0.270843506,0.0,56,1.1072159,0.0,0.0972747807,0.08821490000000409,0.0,0.0,0.0,0.0,0.0,1.0700225799999998,0.0,1.2779235599999996,0.0,0.0
124,AS33_020RB_400,/R1/swb_020r4_020_z177_0148v.SRC,200,/R1/DAI_STUDWELD_MAIN.SRC,XLHP025,0.681400299,-59.5231056,5.31005859,1.59358978,-9.93537903,-10.0393295,0.0,23.314476,0.11920929,8.62026215,3.83281708,-1.03759766,0.270843506,0.0,56,1.1072159,0.0,0.0972747807,0.08821490000000409,0.0,0.0,0.0,0.0,0.0,1.0700225799999998,0.0,1.2779235599999996,0.0,0.0
125,AS33_020RB_400,/R1/swb_020r4_020_z177_0148v.SRC,210,/R1/DAI_STUDWELD_MAIN.SRC,PWLD,-17.1437263,-48.4266281,1.93119049,1.9865036,-10.0421906,-10.0908279,0.0,18.8360214,35.1724625,21.2883949,6.82449341,1.45435333,3.22723389,0.0,83,0.420570399999999,0.0,0.0,0.0,0.29039380000000037,0.0,0.1363754299999993,0.0,0.0,1.6889572600000005,0.0,2.2354125600000003,0.0,0.0
126,AS33_020RB_400,/R1/swb_020r4_020_z177_0148v.SRC,220,,XLHP030,-8.91161,7.33089447,-4.16708,-3.17001343,-1.40380859,-0.629425049,0.0,-1.74188614,28.4943581,6.12878799,0.624656677,1.11961365,-0.0505447388,0.0,21,0.0,0.07200276000000017,1.3389580999999993,0.0,0.0,0.3485680400000004,0.0,0.2746582100000001,0.03910064999999996,0.0,0.0,0.0,0.0,0.0
127,AS33_020RB_400,/R1/swb_020r4_020_z177_0148v.SRC,227,/R1/dai_ctrl_library.SRC,XLHP035,-14.1291618,-5.76639175,-26.406765,-7.76100159,0.838279724,-0.14591217,0.0,2.00986862,48.8519669,11.033535,1.49154663,23.6301422,18.3429718,0.0,40,1.9098686200000001,0.0,2.4633407999999974,5.666391750000001,10.933535000000001,2.561569200000001,0.31948090000000007,4.68540192,2.6550293000000025,0.0,12.74204254,0.0,0.0,0.0
128,AS33_020RB_400,/R1/swb_020r4_020_z177_0148v.SRC,227,/R1/dai_ctrl_library.SRC,XLHP035,-14.1291618,-5.76639175,-26.406765,-7.76100159,0.838279724,-0.14591217,0.0,2.00986862,48.8519669,11.033535,1.49154663,23.6301422,18.3429718,0.0,40,1.9098686200000001,0.0,2.4633407999999974,5.666391750000001,10.933535000000001,2.561569200000001,0.31948090000000007,4.68540192,2.6550293000000025,0.0,12.74204254,0.0,0.0,0.0
129,AS33_020RB_400,/R1/swb_020r4_020_z177_0148v.SRC,234,/R1/dai_ctrl_library.SRC,XLHP036,-10.5929375,-33.1821442,-25.1078606,-14.2335892,-9.15241241,4.73403931,0.0,5.18608093,39.2689705,31.7821503,1.20067596,23.2925415,31.7401886,0.0,81,0.0,1.470088989999999,5.864143400000003,0.0,0.0,2.486228999999998,0.0,1.3704300000000007,1.8997191999999998,0.0,2.007484399999999,0.0,0.0,0.0
130,AS33_020RB_400,/R1/swb_020r4_020_z177_0148v.SRC,234,/R1/dai_ctrl_library.SRC,XLHP036,-10.5929375,-33.1821442,-25.1078606,-14.2335892,-9.15241241,4.73403931,0.0,5.18608093,39.2689705,31.7821503,1.20067596,23.2925415,31.7401886,0.0,81,0.0,1.470088989999999,5.864143400000003,0.0,0.0,2.486228999999998,0.0,1.3704300000000007,1.8997191999999998,0.0,2.007484399999999,0.0,0.0,0.0
131,AS33_020RB_400,/R1/swb_020r4_020_z177_0148v.SRC,241,/R1/dai_ctrl_library.SRC,XLHP037,-2.16293335,-19.5622444,2.51817703,-10.3273392,-2.07042694,-15.9416199,0.0,10.0417137,4.28962708,19.639492,6.25038147,24.0449905,25.9647369,0.0,226,6.045341480000001,0.3614425699999999,0.0,13.045310960000002,1.2807846000000005,0.0,0.0,3.082275420000001,21.1896896,0.42438507000000003,6.151199299999998,0.0,0.0,0.0
132,AS33_020RB_400,/R1/swb_020r4_020_z177_0148v.SRC,241,/R1/dai_ctrl_library.SRC,XLHP037,-2.16293335,-19.5622444,2.51817703,-10.3273392,-2.07042694,-15.9416199,0.0,10.0417137,4.28962708,19.639492,6.25038147,24.0449905,25.9647369,0.0,226,6.045341480000001,0.3614425699999999,0.0,13.045310960000002,1.2807846000000005,0.0,0.0,3.082275420000001,21.1896896,0.42438507000000003,6.151199299999998,0.0,0.0,0.0
133,AS33_020RB_400,/R1/swb_020r4_020_z177_0148v.SRC,246,/R1/dai_ctrl_library.SRC,,0.720977783,2.12621689,6.50405884,-0.22983551,1.66797638,0.379562378,0.0,1.26600266,3.18336487,6.74247742,0.0953674316,1.92832947,0.66280365,0.0,15,0.0,0.0,0.0,0.0,0.08869170999999998,0.0,0.0667572021,0.0,0.0,0.0,0.0,0.0,0.0,0.0
134,AS33_020RB_400,/R1/swb_020r4_020_z177_0148v.SRC,254,/R1/DAI_STUDWELD_MAIN.SRC,XLHP045,2.24971771,-25.8059502,6.47735596,-12.0410919,1.994133,0.640869141,0.0,14.567852,0.314235687,9.89627838,-0.257492065,35.7885361,2.42614746,0.0,104,0.49734109999999987,0.0,0.21423568699999998,0.0,0.0,0.0,0.0,1.619339,3.229141300000002,0.0,0.28324127,0.0,0.0,0.0
135,AS33_020RB_400,/R1/swb_020r4_020_z177_0148v.SRC,264,/R1/DAI_STUDWELD_MAIN.SRC,PWLD,-25.8216858,-5.38873672,4.16040421,-6.40869141,-13.2274628,-13.220787,0.0,19.73629,15.9983635,9.21917,13.677597,10.5953217,6.9437027,0.0,88,0.6465911999999996,0.0,0.0,0.5526542599999997,0.0,0.0,0.0,0.0,2.1247864199999995,0.0,0.0,1.0147093999999992,0.0,0.0
136,AS33_020RB_400,/R1/swb_020r4_020_z177_0148v.SRC,274,,XLHP050,-27.2407532,-11.7559433,6.59275055,-10.3054047,3.54671478,0.205039978,0.0,-7.95173645,-2.83288956,14.5640373,-0.763893127,4.9495697,10.7326508,0.0,18,0.0,0.0,0.0,0.0,0.0,0.0,0.0,0.0,0.0,0.0,0.20217899999999922,0.0,0.0,0.0
137,AS33_020RB_400,/R1/swb_020r4_020_z177_0148v.SRC,281,/R1/DAI_STUDWELD_MAIN.SRC,XLHP065,-27.9626846,-12.7205849,12.4258995,-11.7340088,-29.920578,-10.884285,0.0,16.0417557,-0.093460083,23.5080719,8.42094421,5.18035889,12.9423141,0.0,139,0.0,0.7405280999999988,0.0,0.0,0.0,0.0,0.0,0.35572050000000033,0.27084350999999973,2.7294158999999993,1.4324188000000007,0.050544800000000834,0.0,0.0
138,AS33_020RB_400,/R1/swb_020r4_020_z177_0148v.SRC,281,/R1/DAI_STUDWELD_MAIN.SRC,XLHP065,-27.9626846,-12.7205849,12.4258995,-11.7340088,-29.920578,-10.884285,0.0,16.0417557,-0.093460083,23.5080719,8.42094421,5.18035889,12.9423141,0.0,139,0.0,0.7405280999999988,0.0,0.0,0.0,0.0,0.0,0.35572050000000033,0.27084350999999973,2.7294158999999993,1.4324188000000007,0.050544800000000834,0.0,0.0
139,AS33_020RB_400,/R1/swb_020r4_020_z177_0148v.SRC,288,/R1/DAI_STUDWELD_MAIN.SRC,XP11,-7.33232498,-14.6393776,-14.5096779,-1.19686127,-15.5344009,-6.43730164,0.0,3.4585,20.0600624,15.1181221,6.47735596,45.6218719,18.6471939,0.0,204,0.0,0.23984908999999988,1.6088485999999982,0.0,1.3766289,1.8548966,0.9174346999999994,0.0,1.5840530000000044,0.0,3.1127930000000017,0.0,0.0,0.0
140,AS33_020RB_400,/R1/swb_020r4_020_z177_0148v.SRC,288,/R1/DAI_STUDWELD_MAIN.SRC,XP11,-7.33232498,-14.6393776,-14.5096779,-1.19686127,-15.5344009,-6.43730164,0.0,3.4585,20.0600624,15.1181221,6.47735596,45.6218719,18.6471939,0.0,204,0.0,0.23984908999999988,1.6088485999999982,0.0,1.3766289,1.8548966,0.9174346999999994,0.0,1.5840530000000044,0.0,3.1127930000000017,0.0,0.0,0.0
141,AS33_020RB_400,/R1/swb_020r4_020_z177_0148v.SRC,295,/R1/DAI_STUDWELD_MAIN.SRC,XP12,-5.77926636,-27.586937,0.579834,0.836372375,-32.8235626,0.0429153442,0.0,10.9767914,16.2706375,11.1632347,3.84140015,18.4440613,1.73091888,0.0,135,0.9627341999999999,0.07534026999999988,0.5393027999999997,1.0390282000000006,0.9174347000000012,0.0,0.0,0.0,0.0,3.3149719000000033,0.17166137000000004,0.0,0.0,0.0
142,AS33_020RB_400,/R1/swb_020r4_020_z177_0148v.SRC,295,/R1/DAI_STUDWELD_MAIN.SRC,XP12,-5.77926636,-27.586937,0.579834,0.836372375,-32.8235626,0.0429153442,0.0,10.9767914,16.2706375,11.1632347,3.84140015,18.4440613,1.73091888,0.0,135,0.9627341999999999,0.07534026999999988,0.5393027999999997,1.0390282000000006,0.9174347000000012,0.0,0.0,0.0,0.0,3.3149719000000033,0.17166137000000004,0.0,0.0,0.0
143,AS33_020RB_400,/R1/swb_020r4_020_z177_0148v.SRC,305,/R1/DAI_STUDWELD_MAIN.SRC,PWLD,-26.8797874,-57.3663712,0.472545624,-1.5335083,-14.8963928,-9.09805298,0.0,36.5896225,36.5738869,24.6238708,7.39192963,5.2948,25.1865387,0.0,149,0.6628036999999978,0.0,0.0,1.8639565000000005,1.9750595000000004,0.0,0.24700164999999963,0.0,0.0,1.8014907999999998,3.455162099999999,0.0,0.0,0.0
144,AS33_020RB_400,/R1/swb_020r4_020_z177_0148v.SRC,315,,XP9,-12.6204491,-24.245739,-11.505127,-13.9522552,-1.16062164,-0.207901,0.0,10.7283592,27.410984,16.9482231,9.516716,1.55639648,3.95774841,0.0,99,0.0,0.0,1.2235641000000008,0.0,0.0,0.6346702999999998,0.0,0.40435789999999905,0.0,1.0795593231,0.20694732000000027,0.0,0.0,0.0
145,AS33_020RB_400,/R1/swb_020r4_020_z177_0148v.SRC,325,/R1/dai_ctrl_library.SRC,XP10,-15.1367188,-29.6344757,-19.1288,-2.25830078,-19.0401077,-0.018119812,0.0,9.14716721,35.7489586,46.9002724,0.954628,9.25159454,2.13813782,0.0,130,0.0,0.2703667000000003,1.8711090000000041,0.0,1.2068748999999954,0.0,0.16117096900000005,0.0,0.0,1.4181136999999993,0.05722045999999992,0.0,0.0,0.0
146,AS33_020RB_400,/R1/swb_020r4_020_z177_0148v.SRC,325,/R1/dai_ctrl_library.SRC,XP10,-15.1367188,-29.6344757,-19.1288,-2.25830078,-19.0401077,-0.018119812,0.0,9.14716721,35.7489586,46.9002724,0.954628,9.25159454,2.13813782,0.0,130,0.0,0.2703667000000003,1.8711090000000041,0.0,1.2068748999999954,0.0,0.16117096900000005,0.0,0.0,1.4181136999999993,0.05722045999999992,0.0,0.0,0.0
147,AS33_020RB_400,/R1/swb_020r4_020_z177_0148v.SRC,332,/R1/dai_ctrl_library.SRC,XLHP066,-19.8411942,0.344753265,-18.7211037,-4.68540192,-0.78868866,-28.8257599,0.0,-0.266075134,60.4028702,8.42618942,-0.643730164,18.0082321,0.653266907,0.0,98,0.0,0.7238389000000005,3.1137467,0.0,0.0,2.0294190000000008,0.0,0.0,1.858711200000002,0.0,0.0,3.0765534000000017,0.0,0.0
148,AS33_020RB_400,/R1/swb_020r4_020_z177_0148v.SRC,332,/R1/dai_ctrl_library.SRC,XLHP066,-19.8411942,0.344753265,-18.7211037,-4.68540192,-0.78868866,-28.8257599,0.0,-0.266075134,60.4028702,8.42618942,-0.643730164,18.0082321,0.653266907,0.0,98,0.0,0.7238389000000005,3.1137467,0.0,0.0,2.0294190000000008,0.0,0.0,1.858711200000002,0.0,0.0,3.0765534000000017,0.0,0.0
149,AS33_020RB_400,/R1/swb_020r4_020_z177_0148v.SRC,339,/R1/dai_ctrl_library.SRC,XGUEBERGABE2A,-10.6902122,-39.5107269,-9.39893723,-3.37123871,-23.2648849,-24.4731903,0.0,7.64894485,25.1784325,23.4828,1.33228302,11.7969513,12.9852295,0.0,167,0.0,5.1050185699999995,3.612518299999998,0.0,0.0,1.9316672299999995,0.0,0.45108795000000024,0.4549026999999999,0.8382796999999975,0.0,4.2610168,0.0,0.0
150,AS33_020RB_400,/R1/swb_020r4_020_z177_0148v.SRC,339,/R1/dai_ctrl_library.SRC,XGUEBERGABE2A,-10.6902122,-39.5107269,-9.39893723,-3.37123871,-23.2648849,-24.4731903,0.0,7.64894485,25.1784325,23.4828,1.33228302,11.7969513,12.9852295,0.0,167,0.0,5.1050185699999995,3.612518299999998,0.0,0.0,1.9316672299999995,0.0,0.45108795000000024,0.4549026999999999,0.8382796999999975,0.0,4.2610168,0.0,0.0
151,AS33_020RB_400,/R1/swb_020r4_020_z177_0148v.SRC,43,/R1/torq_monitoring.SRC,,-0.462055206,14.04953,6.70957565,-0.170707703,0.356674194,-0.96321106,0.0,-0.462055206,14.04953,6.70957565,-0.170707703,0.356674194,-0.96321106,0.0,1,0.0,0.36205520599999996,0.0,0.0,0.9903907699999994,0.0,0.0,0.0,0.0,0.0,0.0,0.0,0.0,0.0
152,AS33_020RB_400,/R1/swb_020r4_020_z177_0148v.SRC,51,/R1/dai_studweld.SRC,XGUEBERGABE1A,-9.42325592,12.1955872,6.20412827,-1.62887573,0.347137451,-1.01661682,0.0,15.3403282,14.3613815,7.21883774,-0.0686645508,1.42002106,0.584602356,0.0,91,0.0,0.048637390000001446,0.0,0.0,0.0,0.0,0.0,0.0,0.712394717,0.0,0.0,0.0,0.0,0.0
153,AS33_020RB_400,/R1/swb_020r4_020_z177_0148v.SRC,57,/R1/dai_studweld.SRC,,0.165462494,12.5617981,6.30140305,-1.00231171,0.352859497,-0.996589661,0.0,0.328063965,13.9069557,6.9937706,-0.102996826,0.783920288,0.497818,0.0,28,0.0,0.0,0.0,0.0,0.0,0.0,0.0,0.0,0.0,0.0,0.0,0.0,0.0,0.0
154,AS33_020RB_400,/R1/swb_020r4_020_z177_0148v.SRC,77,,XLHP006,0.363826752,-24.9047279,-13.6766434,-1.62982941,0.526428223,-0.909805298,0.0,4.81700897,12.1665,6.2456131,-0.176429749,35.8982086,1.23119354,0.0,41,0.0,0.0,3.6673544899999992,1.5106201000000006,1.5358924900000002,0.6313323999999998,0.0,0.0,2.520561199999996,0.0,0.09155273000000008,0.0,0.0,0.0
155,AS33_020RB_400,/R1/swb_020r4_020_z177_0148v.SRC,84,,XP4,-11.868,-23.7474442,-12.9547119,-28.9583206,-7.74288177,-12.2146606,0.0,4.85515594,33.452034,32.8559875,16.7226791,37.3973846,31.6448212,0.0,193,0.6432533200000004,0.749588000000001,0.0,5.256652899999999,0.0,1.9855498999999988,0.0,2.762794500000002,4.8294067,0.0,4.009246900000001,0.0,0.0,0.0
156,AS33_020RB_400,/R1/swb_020r4_020_z177_0148v.SRC,84,,XP4,-11.868,-23.7474442,-12.9547119,-28.9583206,-7.74288177,-12.2146606,0.0,4.85515594,33.452034,32.8559875,16.7226791,37.3973846,31.6448212,0.0,193,0.6432533200000004,0.749588000000001,0.0,5.256652899999999,0.0,1.9855498999999988,0.0,2.762794500000002,4.8294067,0.0,4.009246900000001,0.0,0.0,0.0
157,AS33_020RB_400,/R1/swb_020r4_020_z177_0148v.SRC,91,/R1/DAI_STUDWELD_MAIN.SRC,XP5,-1.14297867,-23.8380432,7.80725479,-7.64369965,-15.1386261,-2.04944611,0.0,3.57484818,22.6340294,10.8113289,6.03485107,34.2216492,0.497818,0.0,141,0.0,0.530242922,0.0,1.5749931000000004,0.0195502999999988,0.0,0.0,0.98705292,3.5467148,0.0,0.0,0.25749206999999985,0.0,0.0
158,AS33_020RB_400,/R1/swb_020r4_020_z177_0148v.SRC,91,/R1/DAI_STUDWELD_MAIN.SRC,XP5,-1.14297867,-23.8380432,7.80725479,-7.64369965,-15.1386261,-2.04944611,0.0,3.57484818,22.6340294,10.8113289,6.03485107,34.2216492,0.497818,0.0,141,0.0,0.530242922,0.0,1.5749931000000004,0.0195502999999988,0.0,0.0,0.98705292,3.5467148,0.0,0.0,0.25749206999999985,0.0,0.0
159,AS33_020RB_400,/R1/swb_020r4_020_z177_0148v.SRC,98,/R1/DAI_STUDWELD_MAIN.SRC,XP6,-2.20394135,-44.3754196,-20.7357407,2.51293182,1.26266479,-19.8631287,0.0,5.87749481,33.5588455,24.6295929,5.84125519,4.07314301,8.08143616,0.0,127,0.0,0.3795623800000001,0.0,1.1601447999999976,0.0,0.6327628999999995,0.26035308999999973,0.0,0.23937226000000011,0.0,0.0,2.5701523,0.0,0.0
160,AS33_020RB_400,/R1/swb_020r4_020_z177_0148v.SRC,98,/R1/DAI_STUDWELD_MAIN.SRC,XP6,-2.20394135,-44.3754196,-20.7357407,2.51293182,1.26266479,-19.8631287,0.0,5.87749481,33.5588455,24.6295929,5.84125519,4.07314301,8.08143616,0.0,127,0.0,0.3795623800000001,0.0,1.1601447999999976,0.0,0.6327628999999995,0.26035308999999973,0.0,0.23937226000000011,0.0,0.0,2.5701523,0.0,0.0
