Timestamp,error1_c1,count,tem1_m,tem2_m,tem3_m,tem4_m,tem5_m,tem6_m,tem7_m,A1_e_rate,A2_e_rate,A3_e_rate,A4_e_rate,A5_e_rate,A6_e_rate,A7_e_rate,A1_Rms,A2_Rms,A3_Rms,A4_Rms,A5_Rms,A6_Rms,A7_Rms,A1_E,A2_E,A3_E,A4_E,A5_E,A6_E,A7_E,Q1,Q2,Q3,Q4,Q5,Q6,Q7,Curr_A1_max,Curr_A2_max,Curr_A3_max,Curr_A4_max,Curr_A5_max,Curr_A6_max,Curr_A7_max,Curr_A1_min,Curr_A2_min,Curr_A3_min,Curr_A4_min,Curr_A5_min,Curr_A6_min,Curr_A7_min,reference
2025-07-31,0,8969,46.03177611773888,53.82328018731185,47.810904225666185,41.45791058088973,46.24328241721485,43.72940127104471,56.517448990968894,0.0055747574980488344,0.012041476195785484,0.0020069126992975804,0.002898873898985394,0.003010369048946371,0.012710447095551344,0.016278291894302598,0.3156239942156083,0.23192298519361895,0.13266348338706704,0.08127366078521607,0.08555987047169568,0.19721623569291116,0.6601386118823072,0.14606741573033707,0.16853932584269662,0.0,0.011235955056179775,0.02247191011235955,0.07865168539325842,0.10112359550561797,0.4421188153758662,0.6472036590015294,0.0525420791490653,0.11107908362436573,0.12053226875705615,0.3680531136968146,0.3634631796115402,50.4914474,70.497757,52.6496773,25.3131962,43.6958275,38.5601387,80.4730148,-52.1995239,-63.1547165,-24.3466187,-19.2533646,-28.3831692,-23.8940849,-84.603508,250410-250516
2025-08-01,0,9707,47.510971463892034,56.31533944576079,49.2277737715051,42.37035129288142,47.357680024724424,44.94179458123004,58.788915215823636,0.0071082723807561555,0.01576182136602452,0.00133923972391058,0.005150922015040692,0.002060368806016277,0.013289378798804987,0.011229009992788709,0.1704039736523151,0.31364190076247755,0.10431954111266674,0.0874068493513941,0.10873047367855079,0.16725741885029652,0.16435795651092125,0.14606741573033707,0.20224719101123595,0.011235955056179775,0.0449438202247191,0.0,0.07865168539325842,0.10112359550561797,0.5419926952495818,0.7808019141552863,0.10770107668573252,0.1795439654912007,0.059634961677407713,0.33186092174676823,0.4304612343551369,50.6664467,70.334671,52.4327049,25.4591141,42.7344971,38.6192665,80.6580353,-52.0745926,-63.1494713,-25.5964451,-18.9739304,-27.8281116,-23.7300491,-82.192543,250410-250516
2025-08-03,0,556,37.54496402877698,40.606115107913666,39.03597122302158,36.406474820143885,39.485611510791365,36.16187050359712,40.80755395683453,0.00539568345323741,0.023381294964028777,0.0035971223021582736,0.0017985611510791368,0.0,0.01079136690647482,0.007194244604316547,0.08216577705566662,0.2606404168574177,0.11063907082150065,0.043983893409894774,0.028406151583991776,0.08739751659750722,0.06729624313604797,0.0,0.25,0.0,0.0,0.0,0.0625,0.0625,0.17294179054955403,0.7162261762025812,0.10425599029509403,0.06295163712160114,0.09857200530619831,0.2288505123826102,0.14358117518387178,45.3810234,68.0195541,42.9843674,20.7096691,40.8356743,34.3886375,77.3773,-46.087719,-61.1371574,-20.6734276,-19.4288464,-13.4357738,-23.9341412,-77.7749863,250410-250516
2025-08-04,0,5134,47.867354888975456,56.483054148811846,50.21308920919361,43.42306194000779,48.2843786521231,45.55336969224776,59.47915855083755,0.007401636151149201,0.015582391897156213,0.001753019088430074,0.004090377873003506,0.001753019088430074,0.013634592910011687,0.012855473315153876,0.167661877162986,0.2245702303669586,0.10304392291830372,0.05822376363135762,0.049365736916914225,0.178624730979923,0.16546463476094464,0.10465116279069768,0.23255813953488372,0.023255813953488372,0.046511627906976744,0.0,0.09302325581395349,0.11627906976744186,0.7749396075445034,0.874520582115181,0.11631802371647955,0.1727613206887902,0.0843256578279772,0.40495172731086915,0.34203250655856515,50.044632,70.1024475,53.0321121,25.2731419,43.7864304,38.5362968,82.6183701,-52.3959885,-62.7460556,-24.7505112,-18.814661,-28.2219925,-24.4758434,-83.5739822,250410-250516
2025-08-05,0,8919,47.135329072766005,55.546698060320665,49.165265164256084,42.476622939791454,47.33759390066151,44.64368202713309,58.358448256531,0.007063572149344097,0.014351384684381657,0.002130283664087902,0.003251485592555219,0.0030272452068617556,0.014687745262921853,0.012221101020293754,0.15356477087742032,0.2634548018355059,0.0832099468295636,0.08739127092010283,0.0959526087364674,0.1607315956046691,0.1940614447407065,0.11235955056179775,0.19101123595505617,0.02247191011235955,0.0,0.0,0.06741573033707865,0.0898876404494382,0.6266751251599585,0.7686811428572196,0.11173928937533868,0.09828593199692105,0.08724320531279559,0.28559428892244204,0.2998010612898003,50.1214104,69.8816681,52.866642,25.5859547,43.2456818,39.5577087,80.0409927,-52.3921738,-63.3435478,-23.8955154,-19.1417809,-28.6740475,-23.6299095,-84.5143356,250410-250516
2025-08-06,0,9497,47.51784774139202,55.668737496051385,49.13814888912288,42.75708118353164,47.4721490997157,44.891860587553964,58.06412551331999,0.004738338422659787,0.005580709697799305,0.001895335369063915,0.001895335369063915,0.002948299462988312,0.004001263556912709,0.0076866378856481,0.16675216723892577,0.3216836640334059,0.10652389646610257,0.1341604405258345,0.12116251291841826,0.08992354140649825,0.14045233878648397,0.07865168539325842,0.056179775280898875,0.0,0.0,0.011235955056179775,0.02247191011235955,0.0,0.3192165901807898,0.23111222203738913,0.06343931077027454,0.054346185453672424,0.12160314814563654,0.32463526812403265,0.04444306651164086,50.3493423,70.9831924,52.7669792,25.4486237,44.0019684,38.5086365,81.2302551,-52.2896538,-62.7637,-26.229229,-18.9281521,-28.6616478,-23.5364475,-84.3464813,250410-250516
2025-08-07,0,5439,47.186615186615185,55.50303364589079,48.55046883618312,42.25887111601397,46.99779371207943,44.4561500275786,57.82515168229454,0.0053318624747196175,0.005515719801434087,0.001654715940430226,0.0020224305938591654,0.003309431880860452,0.006067291781577496,0.007354293068578783,0.11417402277388829,0.14407902730444797,0.078679273791874,0.07667607826664782,0.1294061013357132,0.08898698275782689,0.12159384122719194,0.09411764705882353,0.058823529411764705,0.023529411764705882,0.011764705882352941,0.0,0.08235294117647059,0.0,0.5775937937367294,0.41909087312982546,0.2633233998310981,0.11178234602988868,0.05100670505705671,0.25909425537987957,0.05997698786648723,49.9011,70.5301819,51.5176315,25.8491783,43.6948738,38.7747192,79.6628494,-52.6153374,-62.4842644,-25.9354897,-18.9977722,-28.8304539,-23.8235111,-82.5392151,250410-250516
2025-08-08,0,9086,46.53158705701079,55.74763372220999,48.446621175434736,40.947391591459386,46.2557781201849,43.97468633061853,58.47226502311248,0.005943209333039842,0.00572309046885318,0.002421307506053269,0.001100594320933304,0.00275148580233326,0.0034118423948932422,0.00550297160466652,0.12707221828794624,0.2653122600630878,0.11356254467738339,0.04199427064416573,0.10745492018688653,0.07756089463508038,0.18179398103162367,0.06741573033707865,0.06741573033707865,0.02247191011235955,0.0,0.033707865168539325,0.02247191011235955,0.0,0.5659156080886013,0.4565007380290404,0.24561990216882898,0.04630139293207625,0.12339622612348634,0.13072886560680505,0.04400617201676533,50.5491447,70.885437,52.4093399,25.3360844,43.6634026,38.8243141,81.8029556,-52.4927902,-63.4961433,-24.4353123,-19.31917,-27.9644909,-24.2746124,-84.7093735,250410-250516
2025-08-11,0,9578,47.041135936521194,55.20703695969931,48.896742534975985,42.31196491960743,47.135518897473375,44.53789935268323,57.887032783462104,0.00448945500104406,0.003758613489246189,0.0018793067446230946,0.0009396533723115473,0.0034453956984756735,0.0045938609313008975,0.0049070787220714136,0.34774077882531756,0.39708099315893924,0.16984442038253192,0.07190634108236163,0.08212164602493631,0.10408288289440511,0.11219365068610143,0.056179775280898875,0.06741573033707865,0.011235955056179775,0.0,0.011235955056179775,0.033707865168539325,0.0,0.383433242046483,0.35536309703790014,0.1267776810738338,0.013485052438693045,0.10879452831971605,0.11752888482906142,0.018029061386138436,49.7222824,71.0695,52.7521973,25.3723259,43.4831543,37.5148773,81.1525345,-51.9787445,-62.8285522,-26.1476879,-19.2829304,-28.1485558,-23.9045773,-86.4079132,250410-250516
2025-08-12,0,9754,46.489440229649375,55.01773631330736,47.90773016198483,41.11349190075866,46.09298749231085,43.89419725240927,57.70258355546442,0.004100881689563256,0.0036907935206069303,0.0013327865491080582,0.0011277424646298955,0.003280705351650605,0.004305925774041419,0.006663932745540291,0.11913085306286451,0.42804852624956186,0.10193208286605095,0.16618115205939574,0.1461848046460708,0.09105784734219388,0.1265213018696321,0.06741573033707865,0.033707865168539325,0.0,0.0,0.011235955056179775,0.02247191011235955,0.02247191011235955,0.3679670090777978,0.14345562482400628,0.03544372409183606,0.043022102479529506,0.09610320242700178,0.14589862599614717,0.21618019309494396,49.9511681,70.9774704,52.6711349,25.5373173,44.0773087,39.2468033,81.338974,-50.6588173,-63.5228462,-26.2654686,-18.823246,-28.3545551,-23.4744568,-80.4086456,250410-250516
2025-08-13,0,9628,45.278458662235145,53.69931449937682,47.132218529289574,40.32561279601163,45.258828417116746,42.75051931865393,56.03084752804321,0.0028043207312006646,0.003739094308267553,0.0013502285002077274,0.0014540922309929372,0.002596593269630245,0.004050685500623183,0.005816368923971749,0.1095162033308999,0.18886269506501663,0.09424036071904866,0.036043576239147515,0.11356628444551939,0.07231475128488343,0.1313494971184831,0.056179775280898875,0.02247191011235955,0.011235955056179775,0.011235955056179775,0.011235955056179775,0.033707865168539325,0.011235955056179775,0.2947545792164747,0.23493807756660667,0.08574277232423176,0.07358395182470767,0.09384774589311169,0.19124703780414357,0.0723880219025269,50.9864159,69.8177643,52.7445679,25.1911221,44.0487,39.71698,80.5564651,-52.415062,-63.7374268,-25.7924309,-19.3830681,-28.7160091,-24.4901505,-84.8657761,250410-250516
2025-08-14,0,10392,45.83487297921478,54.52473056197075,47.40560046189376,40.44601616628176,45.475365665896845,43.30715935334873,57.11816782140108,0.004522709776751347,0.004522709776751347,0.001924557351809084,0.0012509622786759046,0.0023094688221709007,0.003464203233256351,0.006062355658198615,0.11555494164612984,0.1428422259607857,0.10418238514483014,0.04968891250459598,0.0795186805582143,0.09841404235415717,0.11755014535503992,0.06741573033707865,0.06741573033707865,0.011235955056179775,0.0,0.011235955056179775,0.011235955056179775,0.0,0.5557228080305693,0.4084308854769692,0.12079503445524609,0.05910568471142825,0.07965214259133982,0.08694077084876485,0.06468086302409773,50.4103775,69.8740387,52.6763802,25.290308,44.7162933,39.6034889,81.4124146,-52.6406174,-63.6287079,-26.1524563,-18.8633,-28.3068714,-23.6480293,-84.3150177,250410-250516
2025-08-15,0,9108,45.87714097496706,54.289086517347386,47.1501976284585,40.565436978480456,45.44806763285024,43.19718928414581,57.03974527887571,0.003732981993851559,0.003952569169960474,0.002086078173034695,0.0010979358805445762,0.002635046113306983,0.00461133069828722,0.006258234519104084,0.3358503250905945,0.13774585566208938,0.19498061628614008,0.06301952946565982,0.18175945332550278,0.27198404265038967,0.20607496462396552,0.0449438202247191,0.033707865168539325,0.0,0.0,0.0,0.0449438202247191,0.0,0.34976375378971236,0.20034024562708735,0.04720969838229546,0.06940648467129588,0.08974283949284444,0.22551945019737044,0.018648724693913266,50.557251,70.2588577,52.2419624,23.2217255,42.9681549,39.5558,80.8654633,-52.1570854,-62.8867264,-25.5540066,-19.1513176,-28.0026398,-24.1773357,-79.0281601,250410-250516
2025-08-17,0,439,34.933940774487475,37.605922551252846,36.48519362186788,33.95444191343964,36.90432801822323,33.72665148063781,37.46924829157175,0.002277904328018223,0.011389521640091117,0.0,0.004555808656036446,0.00683371298405467,0.004555808656036446,0.01366742596810934,0.13249678974471277,0.5099661028482014,0.022314859312837037,0.045567433565545164,0.10100505854651953,0.05126466254687067,0.1906186887052727,0.0,0.1111111111111111,0.0,0.0,0.0,0.0,0.2222222222222222,0.024478390666666676,0.5011458758028611,0.0,0.0,0.0,0.11893739007218741,0.7458634155712857,42.9805527,65.7182693,49.8453064,20.1698742,37.0771294,31.9738598,69.1349182,-42.5642624,-51.8905296,-19.9128513,-18.7889118,-16.3874855,-24.1515865,-77.0339584,250410-250516
2025-08-18,0,18024,47.172103861517975,55.78800488237905,49.15568131380382,42.22997114957834,47.235241899689306,44.697015090989794,58.82967154904572,0.004826897470039946,0.006713271193963604,0.0016644474034620505,0.0016644474034620505,0.00393919218819352,0.004715934309809143,0.0063249001331557924,0.16466160848282949,0.35300115350549977,0.07738393693732731,0.06266683077245064,0.10082144827976776,0.09521861736589389,0.14711103447750115,0.06741573033707865,0.12359550561797752,0.0,0.0,0.02247191011235955,0.033707865168539325,0.02247191011235955,0.6009265599884155,0.44059486746965426,0.09093908476890852,0.037362120837604415,0.14214386870934015,0.21531425089397488,0.1550487737153234,50.6669235,70.2674408,52.5700378,25.2922153,43.2208862,38.7146339,81.6141281,-52.4532127,-63.1637764,-26.6040325,-18.9910965,-27.9473248,-23.4754105,-85.2463,250410-250516
2025-08-19,0,9962,45.283376831961455,53.67225456735595,46.77865890383457,40.06394298333668,44.93716121260791,42.709295322224456,56.33416984541257,0.003814495081308974,0.004617546677374022,0.001907247540654487,0.002007628990162618,0.0032122063842601888,0.0043164023288496285,0.005320216823930937,0.3686401392389467,0.5086269634993896,0.17710262183719144,0.06598545482024339,0.25581068088452497,0.11038272477143309,0.5737844339929037,0.033707865168539325,0.0449438202247191,0.0,0.0,0.033707865168539325,0.02247191011235955,0.0,0.43924590065031255,0.23457467715511157,0.07672549915267511,0.05858989718976045,0.1450610031467638,0.13963413362755686,0.042925123935801446,50.1090126,70.8377533,52.5395203,25.7404556,43.571846,39.9411,82.8458328,-52.1680527,-62.7193527,-24.9488811,-18.858532,-29.0297775,-23.6451683,-84.7584839,250410-250516
2025-08-20,0,9789,46.96353049341097,55.844723669424866,48.59709878434978,41.45019920318725,46.593931964449894,44.25559301256512,58.92256614567371,0.00398406374501992,0.006435795280416794,0.001940954132189192,0.0016344876902645827,0.003677597303095311,0.003677597303095311,0.006231484319133722,0.3623329308459037,0.28073121173232907,0.17919491489245754,0.053979010180198496,0.07287412750292191,0.0666486853630528,0.14014679666355082,0.06741573033707865,0.033707865168539325,0.011235955056179775,0.0,0.02247191011235955,0.02247191011235955,0.011235955056179775,0.4931662933604048,0.18045055618844622,0.13748886194036666,0.07844305610371753,0.15376094969686696,0.16308820465934304,0.10471026142909318,50.3660316,70.0724,52.4603653,25.3599281,43.090229,38.4647675,82.5468445,-52.9109879,-63.4346313,-26.1152592,-19.0321064,-28.2677689,-23.9160213,-80.8621292,250410-250516
2025-08-21,0,15587,45.87592224289472,54.22987104638481,47.30589593892346,40.511836787066144,45.50003207801373,43.254057868736766,56.82151793160968,0.005453262333996279,0.005260794251619939,0.002887021235645089,0.0014114326040931546,0.0024379290434336305,0.004426765894655803,0.005902354526207737,0.18617310531899664,0.520270518280604,0.11895199066989597,0.1238117151560964,0.23890854418497584,0.08909238130733496,0.1515917533644581,0.07865168539325842,0.07865168539325842,0.02247191011235955,0.0,0.056179775280898875,0.07865168539325842,0.02247191011235955,0.73823837759749,0.46762781269487913,0.1719312105705479,0.06126113799526219,0.1740097157454085,0.35023572734561365,0.12824589047132465,49.7547073,70.8329849,52.4799156,24.9574642,42.7602463,39.1523857,81.1487122,-52.5438118,-63.3993454,-25.9641,-18.9176598,-28.2773075,-23.9103,-84.2501602,250410-250516
2025-08-22,0,8083,46.500556723988616,55.28071260670543,48.08882840529506,41.06111592230607,46.200915501670174,43.89991339849066,58.59185945812199,0.005072374118520352,0.006062105653841396,0.0018557466287269578,0.0027217617221328714,0.004330075467029568,0.003587776815538785,0.006185822095756526,0.15181786204100414,0.45033947700981847,0.08529691534664842,0.11880670048630688,0.22984987310116428,0.08705643270841934,0.41441239540505714,0.06741573033707865,0.056179775280898875,0.0,0.0,0.033707865168539325,0.02247191011235955,0.011235955056179775,0.5548073745267413,0.36354887873708625,0.05154514843514699,0.03886957283335274,0.11444905945745075,0.1408943861884744,0.09639633923394662,50.8891411,70.5263672,52.4255524,25.2664661,42.4827194,38.8910713,81.3456573,-52.7245407,-63.5881767,-26.0856953,-19.0588093,-28.0007324,-23.7338638,-86.5323715,250410-250516
2025-08-23,0,105,32.371428571428574,33.838095238095235,33.10476190476191,32.076190476190476,33.99047619047619,31.2,32.733333333333334,0.009523809523809525,0.009523809523809525,0.009523809523809525,0.0,0.009523809523809525,0.0,0.02857142857142857,0.06102219531269928,0.24689185067100353,0.22607527466390745,0.007471888532662816,0.06202704238127477,0.0055289753533398255,0.8209851865804607,0.0,0.0,0.0,0.0,0.0,0.0,1.0,0.0,0.0,0.0,0.05912971000000011,0.0,0.0,2.581199699999999,35.3981323,67.12117,44.8612556,18.5008926,25.6965847,25.5067978,87.0736,-46.3061142,-41.387867,-24.162077,-10.2589874,-10.703413,-15.5606251,-80.8606949,250410-250516
2025-08-25,0,4180,45.17200956937799,53.29306220095694,46.59665071770335,39.94210526315789,44.936602870813395,42.689473684210526,56.677751196172245,0.0033492822966507177,0.0028708133971291866,0.0014354066985645933,0.0011961722488038277,0.003110047846889952,0.004066985645933014,0.007416267942583732,0.1902622874463564,0.11743868997971879,0.08619023682805382,0.05633637751532825,0.15006908431566143,0.12660883421051525,0.2752394006639261,0.036585365853658534,0.04878048780487805,0.024390243902439025,0.0,0.012195121951219513,0.024390243902439025,0.0,0.4421907937634741,0.28801910467021063,0.17462927696481742,0.05946554373400019,0.1218989005486473,0.2752939727142653,0.07504144024942862,44.6142464,69.9865723,51.7775116,25.0738182,44.8641167,35.5874405,81.6975708,-52.9419823,-63.0846214,-26.2258911,-18.6038933,-27.8958263,-23.9827805,-79.3133163,250410-250516
2025-08-26,0,7579,44.902889563266925,53.100145137880986,46.26085235519198,39.79205699960417,44.607731890750756,42.33368518274179,56.41628183137617,0.003034701147908695,0.00567357171130756,0.0015833223380393193,0.0022430399788890354,0.002506927035228922,0.003430531732418525,0.006333289352157277,0.2686391150103206,0.18020359985395712,0.09945450383959861,0.14071195149149163,0.14896333039625118,0.05990887349426285,0.36091028701441913,0.0449438202247191,0.07865168539325842,0.0,0.0,0.011235955056179775,0.02247191011235955,0.011235955056179775,0.4346786780284992,0.33322663325816,0.02749084474159164,0.04720756602993777,0.10452404954573417,0.2202422477946633,0.11117880327064251,50.7227173,70.0762177,52.3516426,25.3503914,43.1817818,39.9878311,81.9832077,-52.1618538,-63.0283546,-26.0341969,-18.7202435,-27.8853359,-23.6556587,-83.2587814,250410-250516
2025-08-27,0,7504,42.808901918976545,51.12420042643923,44.23947228144989,37.64099147121535,42.50173240938166,40.299973347547976,54.203091684434966,0.00226545842217484,0.003331556503198294,0.001732409381663113,0.001199360341151386,0.0025319829424307037,0.003464818763326226,0.006263326226012793,0.0859238418674821,0.479371263920887,0.1886037921034358,0.03934883659193483,0.08859704673865493,0.11908521288179937,0.683025186018489,0.06818181818181818,0.056818181818181816,0.011363636363636364,0.0,0.022727272727272728,0.03409090909090909,0.011363636363636364,0.3489384985196051,0.44962556100164136,0.23483533486138358,0.03484932568292131,0.11083471106376003,0.1618693332688826,0.13641620454191178,51.0050125,70.8353729,52.0669632,24.4167156,45.0148,39.4404068,82.437645,-52.5566864,-63.9214935,-25.4986916,-19.1665783,-28.3574162,-24.3652153,-81.4920502,250410-250516
2025-08-28,0,7294,44.66054291198245,52.38072388264327,46.21867288182067,39.98834658623526,44.95311214697011,42.12709075952838,55.02824239100631,0.002741979709350151,0.0031532766657526735,0.0010967918837400603,0.0008225939128050452,0.002056484782012613,0.004112969564025226,0.005072662462297779,0.49718609826938254,0.7051510296582864,0.060573943226278425,0.0915821802394149,0.07130440189124126,0.09142813677410493,0.13707304156446803,0.07954545454545454,0.06818181818181818,0.056818181818181816,0.011363636363636364,0.03409090909090909,0.045454545454545456,0.03409090909090909,3.174990189148778,4.482118675358428,0.2776748109062602,0.546992525293348,0.23596124579971733,0.21557588094652003,0.21676420532763413,46.8130074,69.4496384,51.802784,24.7409744,43.2056236,35.8668785,84.3483887,-52.7526741,-60.3942223,-26.1305218,-18.9386425,-28.0512772,-23.8177891,-79.4797363,250410-250516
2025-08-29,0,1023,42.03519061583578,48.38514173998045,43.24535679374389,38.193548387096776,42.588465298142715,39.80351906158358,50.26392961876833,0.0009775171065493646,0.005865102639296188,0.0019550342130987292,0.0009775171065493646,0.0019550342130987292,0.0009775171065493646,0.010752688172043012,0.06183691019880218,0.47131009163260307,0.24913499511608775,0.05506765647459416,0.0974906631883473,0.05137542490871647,0.1744349944961677,0.029411764705882353,0.0,0.0,0.0,0.0,0.0,0.11764705882352941,0.13999366096067348,0.012271646651397218,0.09315713701205851,0.06485002364244886,0.014229512007010269,0.12423667258652517,0.5028680982822499,50.2077179,66.0825882,49.0256,21.8636513,40.527626,39.2391739,71.1157532,-48.1119537,-61.4151611,-16.9048691,-14.3885241,-20.8136234,-18.5485783,-67.966629,250410-250516
2025-09-01,0,2723,46.694821887623945,55.0,47.73742196107235,41.15130370914433,45.7440323172971,44.39882482556004,58.26000734484025,0.0033051781123760557,0.003672420124862284,0.001836210062431142,0.0022034520749173708,0.004774146162320969,0.004039662137348513,0.007712082262210797,0.1845556322426531,0.5539666718315654,0.13893727988010776,0.09051734315814212,0.18360764293997173,0.08692479253425055,0.14659385615539233,0.0273972602739726,0.0273972602739726,0.0136986301369863,0.0,0.0136986301369863,0.0136986301369863,0.0547945205479452,0.10172491159510608,0.1518154026189728,0.1080365417875013,0.049513150620737585,0.15927830606364674,0.15840264953064975,0.2180889577715127,49.8534126,68.1001511,52.4327049,24.9441128,43.7940598,37.6731949,79.9260712,-52.1222763,-58.5974464,-26.4166317,-19.1913738,-28.133297,-24.3003635,-78.2470779,250410-250516
2025-09-02,0,9384,47.31287297527707,56.30520034100597,49.23529411764706,41.964087809036656,47.13032821824382,44.75703324808184,59.49168797953964,0.00479539641943734,0.005434782608695652,0.00159846547314578,0.00159846547314578,0.00319693094629156,0.004688832054560955,0.0058610400682011935,0.3612798019448865,0.30296727823926156,0.14853375135141986,0.15498493780277026,0.1640261492540319,0.11894645892589831,0.12928200879296,0.06741573033707865,0.056179775280898875,0.011235955056179775,0.0,0.0,0.0449438202247191,0.0,0.3865821293468315,0.36276860156272045,0.06514721976456579,0.033346505211578524,0.1133740467501523,0.21303590682966808,0.05612227251474987,45.6952705,70.2402573,52.8494759,25.6365032,43.7616348,38.1920052,81.2660217,-52.5752831,-63.9453354,-26.2521172,-19.1780224,-28.2525101,-23.8540306,-84.6025543,250410-250516
2025-09-03,0,5202,44.93694732795079,52.233564013840834,46.34659746251442,40.39273356401384,45.01941560938101,42.705882352941174,55.295463283352554,0.005382545174932718,0.0032679738562091504,0.0015378700499807767,0.0019223375624759708,0.002691272587466359,0.0044213763936947325,0.006535947712418301,0.12914993127110194,0.1494107021678285,0.05857729336236326,0.054498313983558276,0.09700381626575397,0.07928527110533062,0.13499629165211938,0.08333333333333333,0.023809523809523808,0.023809523809523808,0.023809523809523808,0.011904761904761904,0.023809523809523808,0.023809523809523808,0.45659548817781204,0.213022271362578,0.2161583327563326,0.16746925282843692,0.14459677963645814,0.19955574229901368,0.16552689828815872,50.6559563,69.9284,53.1074524,25.1672802,44.6457176,38.2673492,81.6723,-52.2014313,-62.9277344,-23.5202351,-18.3730965,-27.7298813,-22.8736229,-85.5824814,250410-250516
2025-09-04,0,8038,46.9692709629261,55.80679273451107,48.8204777307788,41.69358049265986,46.873227170938044,44.54316994277183,58.85867131127146,0.005100771336153272,0.00584722567802936,0.0009952724558347848,0.001492908683752177,0.004478726051256532,0.003607862652401095,0.006220452848967405,0.2649088821450991,0.4298552251686917,0.07269558825571322,0.06698626595196482,0.25730300173746584,0.06393165547906814,0.6455964041637123,0.06818181818181818,0.03409090909090909,0.011363636363636364,0.0,0.011363636363636364,0.022727272727272728,0.022727272727272728,0.5058235253213283,0.5705456184141837,0.06973999923504243,0.03534294754103282,0.06839815602272477,0.1313379839770244,0.1914554503383238,50.0904083,70.5726242,52.4369965,25.1453438,43.6138115,39.2687378,82.3341751,-52.397419,-62.8962631,-26.5668392,-19.2171249,-28.7265,-23.7472153,-80.7376709,250410-250516
2025-09-05,0,9401,45.66248271460483,54.09307520476545,47.38261887033294,40.54036804595256,45.540048930964794,43.19242633762366,56.90532922029571,0.004467609828741623,0.0051058398042761405,0.0010637166258908627,0.001170088288479949,0.002340176576959898,0.004148494840974365,0.006382299755345176,0.13810936832988682,0.35444694606473093,0.09127220138712128,0.05888906140403241,0.08119933944288969,0.06949958422895114,0.4001254648949606,0.06818181818181818,0.056818181818181816,0.011363636363636364,0.0,0.0,0.022727272727272728,0.022727272727272728,0.4253236540764958,0.288326696936581,0.11917083504180792,0.043329152187637617,0.06253341954585277,0.1190473587667134,0.15774493173030218,50.5276871,70.5807266,52.5013733,25.4066582,43.4078102,39.3536186,81.7147369,-52.2991905,-63.7755814,-26.2277985,-19.424078,-28.2601395,-24.1801968,-80.5345306,250410-250516
2025-09-06,0,7970,47.976662484316186,56.48582183186951,49.984065244667505,43.088456712672524,47.955332496863235,45.74767879548306,59.526348808030114,0.005771643663739021,0.007151819322459222,0.002258469259723965,0.0013801756587202008,0.004767879548306148,0.004015056461731493,0.006900878293601004,0.26903764116100515,0.730954122597107,0.11239772728419418,0.04819794139783281,0.2934525514352323,0.08528599987933484,0.37252846654760585,0.06818181818181818,0.07954545454545454,0.022727272727272728,0.0,0.03409090909090909,0.022727272727272728,0.022727272727272728,0.41597769298772397,0.5574556289344781,0.16423304830671953,0.06292125275138395,0.13723893371408588,0.18295974180705216,0.10603979886211432,49.8004837,70.3623276,52.2558,25.4161949,43.0349159,37.7866821,81.0070953,-52.6921158,-62.6640396,-25.5859547,-19.5566425,-28.249649,-24.6866131,-84.2883148,250410-250516
2025-09-07,0,133,33.5187969924812,34.86466165413534,34.3984962406015,33.73684210526316,35.50375939849624,32.902255639097746,34.203007518796994,0.0,0.0,0.0,0.0,0.0,0.0,0.007518796992481203,0.08632563758629618,0.008925871406762736,0.04432533496381974,0.006284995152204441,0.010195802881537755,0.02679361134729836,0.05768085319626996,1.0,0.0,0.0,0.0,0.0,0.0,0.0,0.7171841000000008,0.0,0.0,0.0,0.0,0.0,0.0,36.780529,61.7327461,41.2076187,13.4462643,35.1153603,26.7761765,55.7234573,-50.4056091,-39.7060127,-17.8652496,-17.8476067,-14.5830793,-21.72155,-77.2747726,250410-250516
2025-09-08,0,8999,46.40304478275364,54.591732414712745,48.38159795532837,41.777197466385154,46.65662851427936,44.08412045782865,57.853650405600625,0.00444493832648072,0.005778419824424936,0.002444716079564396,0.00166685187243027,0.00222246916324036,0.003778197577508612,0.007889765529503278,0.1984231776081767,0.3373965702477882,0.3603333139488315,0.06910967167421715,0.23518959430204847,0.23668108167293725,0.33912730265567687,0.0898876404494382,0.033707865168539325,0.02247191011235955,0.011235955056179775,0.033707865168539325,0.02247191011235955,0.02247191011235955,0.4730605995525944,0.3219019720260719,0.8770866967721419,0.37085173367774293,2.201715759793536,2.203456427901985,3.0350232013208602,51.4427605,70.8759,53.0502319,24.9460201,43.3839684,39.002655,82.7242355,-51.6506653,-63.2286301,-25.8630066,-19.5385208,-28.3841228,-24.1801968,-84.2945099,250410-250516
2025-09-09,0,9328,48.008790737564325,56.64515437392796,49.72201972555746,42.79030874785592,47.855703259005146,45.65876929674099,59.64719125214408,0.005574614065180103,0.006003430531732418,0.002144082332761578,0.0008576329331046312,0.004395368782161235,0.00493138936535163,0.007075471698113208,0.311643680941886,0.39390809955373696,0.101388399329379,0.08138403228396672,0.07612938644372062,0.19690169144347672,0.2301902734253368,0.09090909090909091,0.07954545454545454,0.0,0.0,0.045454545454545456,0.022727272727272728,0.011363636363636364,0.48092379371758676,0.32131277597526386,0.08505994216988395,0.08221701820600044,0.13728355498486594,0.1189549182814365,0.12918427342960406,49.8758278,69.5822,53.1074524,25.4543457,42.0630913,38.5858879,78.9332657,-52.2400551,-63.2925262,-26.1081066,-18.8871422,-28.3774471,-23.7615204,-84.6001663,250410-250516
2025-09-10,0,8257,46.63449194622744,54.790601913527915,48.34043841588955,41.75644907351338,46.61220782366477,44.18784062007993,57.782366476928665,0.0036332808526099067,0.006055468087683178,0.0014533123410439626,0.0012110936175366357,0.003269952767348916,0.0049654838319002055,0.0049654838319002055,0.18550769147304613,0.7106811979341784,0.13950369890725903,0.05723373631727909,0.166640964242525,0.10364346726182681,0.1223665657673498,0.0898876404494382,0.0449438202247191,0.011235955056179775,0.0,0.033707865168539325,0.02247191011235955,0.011235955056179775,0.31954162757038806,0.28104949477452573,0.08453186024108325,0.06524800346272129,0.1519541253948502,0.10893104084212678,0.09887319343566835,50.4566307,70.0056458,52.1594696,25.1997051,43.7187195,38.7556458,80.3857574,-52.3487816,-63.0002213,-25.6975384,-18.6954479,-28.1657219,-24.0781498,-82.9030533,250410-250516
2025-09-11,0,9464,49.020921386306,57.504543533389686,50.720097210481825,44.17128064243449,48.96565934065934,46.54427303465765,60.65215553677092,0.00507185122569738,0.0076077768385460695,0.002007607776838546,0.0022189349112426036,0.004437869822485207,0.007079459002535925,0.005917159763313609,0.13380738186778096,0.19621891340888464,0.09509562402377184,0.07694098224600489,0.1168530974180972,0.10195777424726674,0.6270682014877665,0.07865168539325842,0.06741573033707865,0.0,0.0,0.033707865168539325,0.056179775280898875,0.011235955056179775,0.4038650548262419,0.5597905294439998,0.10486759810461643,0.07765052764443706,0.176923980534782,0.32050792421155877,0.4210806897342833,50.0885,70.2374,52.9171867,25.4371758,43.5222549,38.3398323,80.9374695,-52.5342751,-62.8256912,-26.4171085,-18.7250118,-28.1895676,-23.2551041,-79.2317734,250410-250516
2025-09-12,0,8450,47.77254437869823,56.183195266272186,49.625207100591716,42.78248520710059,47.824852071005914,45.42,59.241065088757395,0.005088757396449704,0.005917159763313609,0.002366863905325444,0.0029585798816568047,0.0048520710059171595,0.0053254437869822485,0.007692307692307693,0.1576833357602703,0.40720792115100524,0.1273925715884503,0.16367614212358908,0.14413285892687522,0.14481553060776484,0.4291903708957271,0.07865168539325842,0.033707865168539325,0.0,0.011235955056179775,0.011235955056179775,0.02247191011235955,0.0,0.28094578332065523,0.24591269579923003,0.08615389930106117,0.0736194252525257,0.11878424038939793,0.11548002588787992,0.07331744829553123,50.1853065,69.9293518,52.8690262,25.1482067,43.3496361,38.3255234,81.4195709,-52.1313362,-63.4208031,-25.8048286,-18.9891891,-28.1924286,-24.0266495,-84.9544678,250410-250516
2025-09-13,1,6269,46.510607752432605,54.51890253628968,47.8629765512841,41.885468176742705,46.450630084542986,44.14866804913064,57.70218535651619,0.003828361780188228,0.004625937151060775,0.0030307864093156805,0.001914180890094114,0.0036688467060137183,0.005902057744456851,0.007337693412027437,0.1914604445558094,0.20730740524148736,0.14405500410178596,0.08910962754196863,0.15990672506789935,0.29704416708070147,0.14343021601316883,0.06896551724137931,0.04597701149425287,0.011494252873563218,0.0,0.0,0.05747126436781609,0.05747126436781609,0.44329373956210216,0.3271280988708654,0.14914091737368035,0.053888111522594415,0.09192332342815492,0.25073937174196465,0.4313117512890805,49.8333855,70.8592148,52.8599663,25.1529751,41.939106,38.5601387,82.2140045,-52.4422455,-58.6379776,-24.3609238,-19.2648106,-28.1714439,-24.1401405,-85.1456909,250410-250516
2025-09-14,0,111,33.85585585585586,35.37837837837838,34.77477477477478,34.009009009009006,35.83783783783784,32.828828828828826,34.31531531531532,0.0,0.0,0.0,0.0,0.0,0.0,0.009009009009009009,0.06905526140253362,0.06816262349221065,0.0,0.04659879815178072,0.0,0.03061884631776066,0.5706027944568793,1.0,0.0,0.0,0.0,0.0,0.0,1.0,0.6404113999999996,0.0,0.0,0.0,0.0,0.0,6.011673000000002,19.2314301,56.9251251,40.2663116,15.1610222,40.5028305,22.2508545,70.3938,-41.0583611,-44.0863686,-3.86488318,-14.266449,-13.3795052,-13.8382359,-51.9019737,250410-250516
2025-09-15,0,7800,43.59602564102564,51.25589743589744,44.90448717948718,38.85410256410256,43.58307692307692,41.3398717948718,54.24897435897436,0.004358974358974359,0.0039743589743589745,0.0017948717948717949,0.001153846153846154,0.0028205128205128207,0.002435897435897436,0.006923076923076923,0.19945860695489787,0.4215604976420729,0.07724532655874371,0.05123089025159517,0.17831421751412474,0.07532576336443991,1.059304182501962,0.056818181818181816,0.022727272727272728,0.0,0.0,0.011363636363636364,0.03409090909090909,0.011363636363636364,0.409478503678947,0.16159759394350406,0.027118989510211983,0.07120511586197667,0.1083673682590721,0.2034838428340394,0.13506028983608176,49.8887024,69.9055099,52.5738525,25.2149639,41.4908676,39.8133049,81.4405518,-52.7345543,-63.0455208,-23.934618,-19.1827908,-28.1714439,-24.0943623,-79.0233917,250410-250516
2025-09-16,0,9997,45.789136741022304,54.66880064019206,47.04301290387116,39.974592377713314,45.084925477643296,43.227668300490144,57.65399619885966,0.005201560468140442,0.0045013504051215365,0.001600480144043213,0.0019005701710513153,0.003200960288086426,0.0030009002700810243,0.006601980594178254,0.2276367662590474,0.33068100550352253,0.14285136926855654,0.06473543362404384,0.16711808827568556,0.06484924667780795,0.5243121994105412,0.056179775280898875,0.0449438202247191,0.011235955056179775,0.011235955056179775,0.02247191011235955,0.02247191011235955,0.033707865168539325,0.33535482127280625,0.2569702130352195,0.0789724814479184,0.09578628935191302,0.16106136703481735,0.11170907532633272,0.1612882098321684,50.1872139,70.8453827,51.8967285,24.920269,44.3510246,39.7732468,81.35186,-52.7507668,-63.6930809,-23.301836,-19.4364758,-28.0627213,-24.9412518,-79.729126,250410-250516
2025-09-17,0,8228,44.02503646086534,52.63308215848323,45.13514827418571,38.58896451142441,43.4538162372387,41.53536703937773,55.570491006319884,0.004132231404958678,0.003889158969372873,0.002066115702479339,0.0024307243558580457,0.00267379679144385,0.003038405444822557,0.005955274671852212,0.2723848425561737,0.25933770814457147,0.14754779888456163,0.09420048145929054,0.14138648487475639,0.07592014820743799,1.084881127811103,0.07865168539325842,0.02247191011235955,0.02247191011235955,0.0,0.011235955056179775,0.011235955056179775,0.0,0.4948611575718067,0.1890781294649736,0.1445781180512978,0.07410962438642396,0.1558272039884069,0.12417387362504075,0.06058550917243925,50.1586037,70.588356,52.5156784,24.882122,44.0534668,39.5271912,81.63797,-52.2863159,-63.7536392,-23.6208496,-19.0206623,-28.4356213,-23.9026699,-80.6513596,250410-250516
2025-09-18,0,9963,45.984442437016966,54.82073672588578,47.42918799558366,40.474555856669674,45.44795744253739,43.48118036735923,57.86058416139717,0.003914483589280337,0.00501856870420556,0.0017063133594298907,0.0014051992371775569,0.0030111412225233363,0.005118940078289671,0.006022282445046673,0.2064378041546423,0.6271053399118457,0.1834665333045357,0.061111550930120676,0.2041211083735079,0.16693054069362231,0.19196270410245056,0.056179775280898875,0.033707865168539325,0.0,0.0,0.011235955056179775,0.056179775280898875,0.02247191011235955,0.36210352477608543,0.22255686473400133,0.06294978801040828,0.06697725998767906,0.09483322171325065,0.2000649216789909,0.1462189775360485,50.4943085,70.6579819,52.6058,25.147253,43.9018326,38.9931183,81.5783615,-52.4203072,-63.3731117,-24.4882431,-19.1475029,-28.1752625,-24.0543079,-84.7065125,250410-250516
2025-09-19,1,9280,44.843211206896555,53.46875,46.33038793103448,39.40172413793103,44.438254310344824,42.43383620689655,56.672844827586204,0.004094827586206897,0.004849137931034483,0.001831896551724138,0.00290948275862069,0.002586206896551724,0.003017241379310345,0.007435344827586207,0.4156050575020999,0.5856090366767038,0.2771809011733343,0.08796681015663639,0.06604384909608238,0.08371479259860316,0.25259667204961195,0.056179775280898875,0.0449438202247191,0.0,0.033707865168539325,0.011235955056179775,0.033707865168539325,0.033707865168539325,0.48137934979743435,0.2742040646857069,0.08399106929367162,0.20452740427615465,0.10525901177872704,0.1868398945209907,0.9134774691914942,51.0493584,70.8549194,52.415062,25.0585594,44.1421623,39.8609886,82.2421341,-52.7212029,-62.8867264,-25.8110275,-19.1713467,-28.605381,-24.3022709,-85.2615662,250410-250516
2025-09-20,0,7034,43.59141313619562,51.50909866363378,44.93744668751777,38.70173443275519,43.545493318168894,41.18652260449247,54.32854705715098,0.003696332101222633,0.004833665055444982,0.0025589991470002845,0.004264998578333807,0.004407165197611601,0.005117998294000569,0.007676997441000853,0.5242315925044396,0.8571567619999864,0.24874636121680455,0.39068325080886174,0.37834974543523375,0.2635774646711249,0.4229156687368205,0.04597701149425287,0.034482758620689655,0.034482758620689655,0.022988505747126436,0.022988505747126436,0.022988505747126436,0.022988505747126436,0.4959956054847372,0.18432055326208177,0.15373536101182694,0.1291837964842348,0.1725668440763869,0.15101094365731307,0.15386694028374104,50.4685516,69.7634048,52.3554573,36.0223312,43.5871048,39.3011627,81.9612732,-52.467041,-63.3497467,-25.9545631,-19.228569,-28.2715855,-24.5721684,-85.0860825,250410-250516
2026-01-04,0,9021,34.45881831282563,43.87806229907992,36.151535306507036,29.557255293204744,34.5428444740051,32.73473007427115,46.949672985256626,0.0158519011196098,0.015075933931936592,0.006207737501385656,0.005653475224476222,0.017958097771865647,0.028045671211617336,0.008868196430550937,0.4245355961420424,0.35301691584599765,0.18410789485477946,0.14703667363397876,0.26619171518887913,0.3533838839268905,0.8758315531864896,0.23595505617977527,0.23595505617977527,0.0449438202247191,0.033707865168539325,0.16853932584269662,0.21348314606741572,0.0449438202247191,0.6808747278491525,0.5355983990212275,0.3504409743059698,0.16494037867972677,0.5380759739538068,0.9677250640464201,0.24782355787097265,53.1107903,71.4424,50.6406975,25.5191956,46.5750618,44.7038956,84.265419,-54.0649719,-64.3578186,-25.623148,-20.4559841,-29.7450581,-27.6020851,-83.1977463,250410-250516
2026-01-05,0,9178,35.57528873392896,44.9451950315973,36.810852037480934,30.277293528001742,35.11353235999128,33.583896273697974,48.04892133362388,0.011222488559599042,0.015144911745478318,0.003813466986271519,0.004576160383525822,0.01318370015253868,0.025168882109392023,0.009043364567443887,0.19998400212124887,0.25593488455256697,0.1270947834998986,0.09625826090666638,0.1745555389136726,0.2931380657443066,0.1697366960300073,0.19318181818181818,0.22727272727272727,0.06818181818181818,0.022727272727272728,0.17045454545454544,0.22727272727272727,0.03409090909090909,0.5244942776951592,0.5696064284009963,0.29508660598667075,0.11788487046853524,0.5153645781493615,1.0334501097414999,0.20184949174359695,52.280117,72.1924896,50.8357277,25.6574841,47.4467468,43.1979942,81.8191681,-55.0763741,-64.2481384,-25.3914,-19.4116802,-29.3511772,-26.3565483,-81.1515732,250410-250516
2026-01-06,0,7604,35.77577590741715,44.90215675960021,37.083640189374016,30.440820620725933,35.334166228300894,33.78248290373487,48.08008942661757,0.011572856391372961,0.015912677538137823,0.004076801683324566,0.006049447659126775,0.012361914781693845,0.0241977906365071,0.006838506049447659,0.18820733509921056,0.27916499498214103,0.1269564714840317,0.09638542815537439,0.16095802639645504,0.27290854293852296,0.18619268865264196,0.1590909090909091,0.20454545454545456,0.09090909090909091,0.03409090909090909,0.1590909090909091,0.20454545454545456,0.045454545454545456,0.6433878018409043,0.6059505989657237,0.24442857551009703,0.16536809755759493,0.5824479143049193,0.8446422207653579,0.28534103069771544,52.5614548,71.3746872,50.956852,25.1167336,46.3146973,44.3014336,81.2140503,-54.1398354,-64.4436493,-24.9822617,-20.5389576,-28.7074261,-27.4399548,-84.9096451,250410-250516
2026-01-07,0,9261,36.0755857898715,45.248785228377066,37.4060036713098,30.846884785660297,35.66148364107548,34.235827664399096,48.57056473383004,0.009286254184213368,0.015441097073750135,0.003995248893208077,0.003887269193391642,0.008530396285498325,0.019220386567325342,0.008746355685131196,0.16798601492447637,0.23887602170964128,0.13369081108655517,0.08371143201153819,0.22709086640846507,0.21174833057401463,0.20752124990806367,0.125,0.2159090909090909,0.06818181818181818,0.022727272727272728,0.07954545454545454,0.22727272727272727,0.056818181818181816,0.36936572518387206,0.580676533327533,0.28729320026950134,0.14784912241210788,0.21937928975330712,0.6698327014725396,0.3690671591852121,52.484684,72.2335,51.0555573,25.4295464,45.119709,42.976738,83.2177734,-53.4340973,-64.3778458,-24.9856,-20.7001324,-29.162344,-27.465704,-85.8075562,250410-250516
2026-01-08,0,9276,36.38540319103062,45.43035791289349,37.59939629150496,31.160198361362657,35.93165157395429,34.34928848641656,48.96808969383355,0.008300991806813282,0.012289780077619664,0.0034497628288055198,0.00517464424320828,0.012613195342820181,0.020159551530832254,0.010672703751617076,0.2070048758882045,0.4603228585392329,0.1255332473877226,0.1122976164391754,0.17750392258493747,0.2481035417944544,0.23329014922181887,0.12359550561797752,0.23595505617977527,0.0449438202247191,0.02247191011235955,0.14606741573033707,0.20224719101123595,0.0898876404494382,0.46086367664522176,0.4658693127970009,0.263304900239976,0.15871760277791505,0.44823903636186474,0.813609717675851,0.4098980784011125,52.8571053,72.1362152,50.8810349,25.3141499,47.5945663,44.1517,83.1734314,-54.1231461,-64.8904572,-24.7166538,-20.6467247,-29.1823711,-27.1824532,-86.2791672,250410-250516
2026-01-09,0,4965,37.867270896273915,47.3877139979859,39.21148036253776,32.31339375629406,37.286404833836855,35.75790533736153,51.0147029204431,0.00825780463242699,0.010473313192346425,0.0034239677744209466,0.005639476334340383,0.00866062437059416,0.01591137965760322,0.009667673716012085,0.39002658455476796,0.2512719052341272,0.1323635967046159,0.10764976731331223,0.12792281201096387,0.20980827039697655,0.1904437461763554,0.11627906976744186,0.18604651162790697,0.05813953488372093,0.046511627906976744,0.06976744186046512,0.16279069767441862,0.046511627906976744,0.33054782645361624,0.48575694327683344,0.2506622775936444,0.1411776941410102,0.27463436040305017,0.6491170366384859,0.3530505263147701,50.6984,70.8635,50.6330681,26.1667614,44.1135521,41.603405,80.3008728,-51.6835747,-63.3492699,-24.0161591,-20.7001324,-28.7350826,-27.1776848,-84.8319168,250410-250516
2026-01-12,0,2987,29.30565785068631,37.61265483762973,31.152996317375294,25.547371945095414,30.32574489454302,27.622363575493807,42.620020087043855,0.02644794107800469,0.03347840642785403,0.010043521928356211,0.0050217609641781055,0.0398393036491463,0.04887847338466689,0.016739203213927016,0.5153666303294078,0.4525397957552703,0.2723842327061302,0.14440215319334615,0.4614012929370088,0.58525928813628,0.3323873034887979,0.19736842105263158,0.3815789473684211,0.13157894736842105,0.039473684210526314,0.27631578947368424,0.2236842105263158,0.13157894736842105,1.1722410443940876,1.3575775545686222,0.40972670351293594,0.32561984459493865,1.192193053610279,1.3588382969632093,0.8659705844874279,47.0910149,74.5142822,50.3574486,24.8287144,52.0321503,42.3902092,82.5354,-58.7366867,-63.6768684,-24.8897514,-20.4407253,-28.3745861,-29.4541779,-84.9153671,250410-250516
2026-01-16,0,9000,35.65233333333333,44.845444444444446,37.09188888888889,30.617333333333335,35.457,34.18911111111111,48.12588888888889,0.010333333333333333,0.015111111111111112,0.0034444444444444444,0.005222222222222222,0.012,0.019777777777777776,0.010666666666666666,0.49852595076375184,0.5555428495696456,0.3651806231845485,0.17420477138310964,0.1993151170372574,0.2623012673289953,0.22124303777743037,0.15730337078651685,0.21348314606741572,0.02247191011235955,0.0449438202247191,0.1348314606741573,0.16853932584269662,0.07865168539325842,0.5514216387581953,0.4565881866785085,0.21326506530785186,0.1614228843429093,0.44214542712057076,0.7557980193748897,0.45018396973599073,51.8738403,71.6646118,51.3130608,25.5897694,46.6570778,41.7045,82.4123764,-54.8164902,-64.7564621,-24.575983,-21.0396519,-29.4808807,-28.4604168,-85.3965073,250410-250516
2026-01-19,0,9350,30.911657754010694,40.410802139037436,32.285561497326206,25.908128342245988,30.68139037433155,29.62620320855615,45.276256684491976,0.020748663101604278,0.03486631016042781,0.00909090909090909,0.007165775401069519,0.03304812834224599,0.048449197860962565,0.011229946524064172,0.3942924632867554,0.5762077624272833,0.18008198409433918,0.13036801761747963,0.3683740353992668,0.5957867901764423,0.26699344920718654,0.21348314606741572,0.42696629213483145,0.0898876404494382,0.07865168539325842,0.3146067415730337,0.25842696629213485,0.06741573033707865,0.9334352603805983,1.056333381219886,0.5452461585348561,0.329383078512998,1.0920506310657683,1.9229806757012888,0.5968325109630771,54.8698959,72.6960449,50.353157,25.229269,49.0594559,45.7243576,82.1296,-53.1522751,-65.2213898,-27.7389412,-23.3190022,-29.7355175,-32.898,-83.337471,250410-250516
2026-01-20,0,6265,32.15131683958499,41.325458898643255,33.51125299281724,27.443735035913807,32.198403830806065,30.57829209896249,45.13918595371109,0.012450119712689545,0.02713487629688747,0.007023144453312051,0.0041500399042298484,0.026336791699920193,0.03735035913806863,0.009736632083000797,0.4435376068226446,0.4427171070903675,0.15314935779218233,0.10742366125327057,0.27590663661364667,0.44330629646660835,0.9548444896605003,0.1839080459770115,0.3333333333333333,0.11494252873563218,0.022988505747126436,0.25287356321839083,0.21839080459770116,0.05747126436781609,0.7860343220654993,0.7435197978005988,0.46234243673297704,0.19285652402197231,0.8926601828700929,1.4095456312637367,0.2583985159991031,53.0044479,71.6155,50.7484665,25.1405754,48.7228,44.7363205,80.7672348,-55.424,-65.0711823,-25.5397015,-21.4468822,-29.7708073,-29.4265175,-80.3366394,250410-250516
2026-01-22,0,5468,38.386795903438184,47.068215069495245,39.92538405267008,33.063643013899046,37.99250182882224,36.508412582297,50.91623994147769,0.006949524506217996,0.008046817849305048,0.003108997805413314,0.0036576444769568397,0.008046817849305048,0.012801755669348939,0.006583760058522311,0.13306379452486314,0.2240290622746281,0.11253531520304323,0.07471873823504487,0.1437670161284693,0.15736575164606256,0.13929832774925952,0.08333333333333333,0.13095238095238096,0.023809523809523808,0.011904761904761904,0.05952380952380952,0.13095238095238096,0.023809523809523808,0.3433796597876859,0.342423575242943,0.23262131243656503,0.11829519149964571,0.22532341494618663,0.545213052987318,0.19884708328058182,51.7932472,69.5149689,51.2625084,25.2302227,44.3348122,42.2767181,80.370491,-53.5380478,-63.3259048,-24.0099602,-20.0039291,-29.0164261,-26.2726212,-83.674118,250410-250516
2026-01-23,1,9188,38.29756203744014,46.41140618197649,39.876795820635614,33.40727035263387,38.207988680888114,36.338920330866344,50.41575968654767,0.006421419242490204,0.00957771005659556,0.0030474531998258597,0.00522420548541576,0.0058772311710927295,0.015999129299085764,0.007945145842403134,0.27563309935410235,0.6519044554851905,0.1357498154406304,0.09439446139647721,0.33874598419265906,0.20263652142774455,0.17608064394819448,0.07865168539325842,0.11235955056179775,0.02247191011235955,0.033707865168539325,0.011235955056179775,0.21348314606741572,0.056179775280898875,0.5442873626972605,0.3829125318062021,0.16384128470771916,0.15366142998844445,0.13984579078430984,0.5372805962380576,0.18727647313401113,50.5801392,71.7962265,51.8919601,25.3437157,45.2837448,43.5089035,82.2831421,-53.3210831,-61.8166733,-24.5116081,-20.8670311,-29.1509,-28.1685829,-85.1042,250410-250516
2026-01-26,0,9310,38.55392051557465,45.80171858216971,39.40096670247046,33.30644468313641,37.82448979591837,35.82169709989259,50.943609022556394,0.006874328678839957,0.007303974221267454,0.002255639097744361,0.0031149301825993555,0.005477980665950591,0.013211600429645542,0.008485499462943072,0.22786288152604575,0.33573816243078464,0.10766889285130697,0.10092650677123415,0.11384281892186984,0.16421886600495614,0.2968090715470729,0.11235955056179775,0.07865168539325842,0.011235955056179775,0.011235955056179775,0.02247191011235955,0.12359550561797752,0.02247191011235955,0.4964437717239998,0.2769565296283162,0.10464118140372677,0.13208393343039534,0.243288987587223,0.5026094561030157,0.19894274843188553,54.4221344,70.538765,52.087944,25.529686,44.9213371,43.4822,80.6437302,-52.3216,-62.389843,-25.4772339,-20.7258816,-28.6511574,-27.4027615,-83.4242554,250410-250516
2026-01-27,0,9154,37.980445706794846,44.971269390430415,38.28315490495958,32.65140922001311,36.98022722307188,35.15850994100939,49.367708105746125,0.008739348918505571,0.007428446580729736,0.0026218046755516716,0.004478916320734105,0.00600830238147258,0.01212584662442648,0.007756172165173695,0.3182723864561356,0.49269109116910415,0.18102329925740404,0.20417654418303788,0.2524548221443291,0.18075532473549893,0.4270110142325168,0.10112359550561797,0.056179775280898875,0.033707865168539325,0.02247191011235955,0.011235955056179775,0.16853932584269662,0.02247191011235955,0.5292476544633533,0.23064564604946264,0.1332495713443054,0.11201795760838552,0.11830609050588609,0.3673861562186022,0.23240690109940448,51.1304245,70.6384277,51.9072189,24.9336224,44.8622093,41.7159424,83.9082565,-53.3492165,-62.8719444,-25.3117657,-19.823679,-28.1762161,-26.0580387,-85.6125259,250410-250516
2026-01-28,0,9068,37.95125716806352,45.331495368328184,38.66872518747243,32.577084252315835,37.0916409351566,35.23213498014998,49.99459638288487,0.0070577856197618,0.007940008822232024,0.002756947507719453,0.0037494486104984563,0.005513895015438906,0.01003528892809881,0.008050286722540803,0.16463268354675198,0.6389108013704087,0.1408008309011248,0.09746872547960225,0.10985366223611062,0.16614619148697526,0.21099192412396806,0.11235955056179775,0.07865168539325842,0.056179775280898875,0.033707865168539325,0.0449438202247191,0.14606741573033707,0.02247191011235955,0.4815110286770343,0.27848126122834216,0.23740753676145457,0.21462271047513146,0.1998173061970718,0.4303898790975383,0.16139454128405079,50.8590927,69.7104721,51.5977402,25.1462975,44.6886368,41.6406,85.2568,-53.1289101,-63.8590279,-24.896904,-20.3911343,-28.3850765,-26.3966026,-79.8125839,250410-250516
2026-01-29,0,7482,37.55172413793103,44.21023790430366,37.99919807538092,32.59035017375034,36.92248062015504,34.66706762897621,48.6025126971398,0.00801924619085806,0.007484629778134189,0.0024057738572574178,0.004677893611333868,0.007083667468591286,0.012830793905372895,0.008286554397219995,0.16144640310122838,0.17641746635700714,0.2430647000435951,0.1292691718844997,0.23692564899570062,0.2523394708024563,0.4771949094522606,0.13793103448275862,0.11494252873563218,0.034482758620689655,0.022988505747126436,0.04597701149425287,0.16091954022988506,0.05747126436781609,0.5937593347857307,0.3290911813862321,0.18116600364018057,0.1121686725411812,0.2679282755016428,0.5084864867253346,0.3678603521184073,50.936348,70.9450455,51.7951546,24.774353,44.5932655,42.3291702,82.4967728,-53.6591721,-63.5018654,-24.9631863,-20.2442627,-29.0736504,-26.3164902,-82.7061081,250410-250516
