robot,shop,reference,number,type,tech,mark,remark
UB41_020RB_100,MRA1BS,20230626-20230811,301314.0,KR600_R2830_Fortec,抓手+涂胶,0,温度相关可能，观察
UB41_020RB_200,MRA1,250410-250516,546892.0,KR420_R3330_Fortec,抓手+点焊,0,
UB41_030RB_100,MRA1,250410-250516,465726.0,KR420_R3330_Fortec,抓手+涂胶,0,
UB41_040RB_100,MRA1,250410-250516,552132.0,KR360_R2830_Fortec,抓手+涂胶,0,25年1月12号换齿轮箱
UB41_050RB_100,MRA1,250410-250516,408795.0,KR240_R2900_ultra,点焊,0,
UB41_050RB_200,MRA1,250410-250516,398286.0,KR240_R2900_ultra,点焊,0,
UB41_060RB_100,MRA1,250410-250516,353576.0,KR420_R3330_Fortec,抓手+涂胶,0,温度相关
UB41_070RB_100,MRA1,250410-250516,210665.0,KR420_R3330_Fortec,抓手,0,
UB41_070RB_200,MRA1,250410-250516,330899.0,KR240_R2900_ultra,点焊,0,
UB41_070RB_300,MRA1,250410-250516,281901.0,KR240_R2900_ultra,点焊,0,
UB41_080RB_100,MRA1,250410-250516,133079.0,KR600_R2830_Fortec,抓手,0,25.1
UB41_080RB_200,MRA1,250410-250516,413717.0,KR210_R3100_ultra,点焊,0,
UB41_080RB_300,MRA1,250410-250516,427203.0,KR210_R3100_ultra,点焊,0,
UB41_080RB_400,MRA1,250410-250516,342555.0,KR210_R3100_ultra,点焊,0,
UB41_080RB_500,MRA1,250410-250516,433369.0,KR210_R3100_ultra,点焊,0,
UB41_090RB_100,MRA1,250410-250516,321204.0,KR600_R2830_Fortec,抓手,0,250407 检查轴承损坏，齿条损伤，齿轮齿条间隙大，修复后继续观察
UB41_110RB_100,MRA1,250410-250516,359442.0,KR240_R2900_ultra,抓手+涂胶,0,
UB41_110RB_200,MRA1,250410-250516,370960.0,KR210_R2700_prime,点焊,0,
UB41_110RB_300,MRA1,250410-250516,387064.0,KR210_R2700_prime,点焊,0,
UB41_120RB_100,MRA1,250410-250516,175883.0,KR600_R2830_Fortec,抓手,0,
UB41_120RB_200,MRA1,250410-250516,131676.0,KR600_R2830_Fortec,抓手,0,
UB41_130RB_100,MRA1,250410-250516,,KR240_R2900_ultra,点焊,0,
UB41_130RB_200,MRA1,250410-250516,486650.0,KR240_R2900_ultra,点焊,0,
UB41_130RB_300,MRA1,250410-250516,476801.0,KR210_R2700_prime,点焊,0,
UB41_130RB_400,MRA1,250410-250516,474989.0,KR210_R2700_prime,点焊,0,
UB41_140RB_100,MRA1,250410-250516,446894.0,KR240_R2900_ultra,点焊,0,
UB41_140RB_200,MRA1,250410-250516,463174.0,KR240_R2900_ultra,点焊,0,
UB41_140RB_300,MRA1,250410-250516,440298.0,KR210_R2700_prime,点焊,0,
UB41_140RB_400,MRA1,250410-250516,445301.0,KR210_R2700_prime,点焊,0,
UB42_150RB_100,MRA1,250410-250516,199552.0,KR600_R2830_Fortec,抓手,0,25年1月12号换齿轮箱
UB42_150RB_200,MRA1,250410-250516,439532.0,KR600_R2830_Fortec,抓手,0,
UB42_150RB_300,MRA1,250410-250516,482662.0,KR600_R2830_Fortec,抓手,0,
UB42_160RB_100,MRA1,250410-250516,181700.0,KR210_R2700_prime,螺柱焊,0,
UB42_160RB_200,MRA1,250410-250516,169311.0,KR210_R2700_prime,螺柱焊,0,
UB42_160RB_300,MRA1,250410-250516,179567.0,KR210_R2700_prime,螺柱焊,0,
UB42_170RB_100,MRA1,250410-250516,216295.0,KR210_R2700_prime,螺柱焊,0,
UB42_170RB_200,MRA1,250410-250516,145497.0,KR210_R2700_prime,螺柱焊,0,
UB42_170RB_300,MRA1,250410-250516,140596.0,KR210_R2700_prime,螺柱焊,0,
UB42_190RB_100,MRA1,250410-250516,201150.0,KR210_R2700_prime,螺柱焊,0,
UB42_190RB_200,MRA1,250410-250516,135035.0,KR210_R2700_prime,螺柱焊,0,
UB42_190RB_300,MRA1,250410-250516,75073.0,KR210_R2700_prime,螺柱焊,0,
UB42_190RB_400,MRA1,250410-250516,151600.0,KR210_R2700_prime,螺柱焊,0,
UB42_200RB_100,MRA1,250410-250516,264229.0,KR210_R2700_prime,螺柱焊,0,
UB42_200RB_200,MRA1,250410-250516,97673.0,KR210_R2700_prime,螺柱焊,0,
UB42_200RB_300,MRA1,250410-250516,208476.0,KR210_R2700_prime,螺柱焊,0,
UB42_200RB_400,MRA1,2025-07-30_2025-09-03,152061.0,KR600_R2830_Fortec,抓手,1,8月需要改参照
UB42_220RB_100,MRA1,250410-250516,176900.0,KR600_R2830_Fortec,抓手,0,7.15 突变
UB42_220RB_200,MRA1,2025-07-30_2025-09-03,235625.0,KR600_R2830_Fortec,抓手,0,换平衡杠
UB42_220RB_300,MRA1,2025-07-30_2025-09-03,232641.0,KR600_R2830_Fortec,抓手,0,7月换齿轮箱
UB42_220RB_400,MRA1,250410-250516,314919.0,KR600_R2830_Fortec,抓手,0,
UB42_230RB_100,MRA1,250410-250516,205583.0,KR210_R2700_prime,螺柱焊,0,
UB42_230RB_200,MRA1,250410-250516,211138.0,KR210_R2700_prime,螺柱焊,0,
UB42_230RB_300,MRA1,250410-250516,63150.0,KR210_R2700_prime,螺柱焊,0,
UB42_230RB_400,MRA1,250410-250516,8.0,KR210_R2700_prime,螺柱焊,0,
UB42_240RB_100,MRA1,250410-250516,310552.0,KR210_R2700_prime,螺柱焊,0,
UB42_240RB_200,MRA1,250410-250516,247419.0,KR210_R2700_prime,螺柱焊,0,
UB42_250RB_100,MRA1,250410-250516,332238.0,KR210_R2700_prime,螺柱焊,0,
UB42_250RB_200,MRA1,250410-250516,284254.0,KR210_R2700_prime,螺柱焊,0,
UB42_250RB_300,MRA1,250410-250516,300227.0,KR210_R2700_prime,螺柱焊,0,25.6.8改
UB43_270RB_100,MRA1,250410-250516,196209.0,KR600_R2830_Fortec,抓手,0,
UB43_270RB_200,MRA1,250410-250516,241323.0,KR600_R2830_Fortec,抓手,0,
UB43_270RB_300,MRA1,2025-07-30_2025-09-03,487929.0,KR600_R2830_Fortec,抓手,0,25.6月改程序
UB43_280RB_100,MRA1,250410-250516,225673.0,KR210_R2700_prime,螺柱焊,0,
UB43_280RB_200,MRA1,250410-250516,244482.0,KR210_R2700_prime,螺柱焊,0,
UB43_280RB_300,MRA1,250410-250516,279982.0,KR210_R2700_prime,螺柱焊,0,
UB43_280RB_400,MRA1,250410-250516,287251.0,KR210_R2700_prime,螺柱焊,0,
UB43_290RB_100,MRA1,250410-250516,185639.0,KR210_R2700_prime,螺柱焊,0,
UB43_290RB_200,MRA1,250410-250516,207078.0,KR210_R2700_prime,螺柱焊,0,
UB43_290RB_300,MRA1,250410-250516,194711.0,KR210_R2700_prime,螺柱焊,0,
UB43_290RB_400,MRA1,250410-250516,280831.0,KR210_R2700_prime,螺柱焊,0,
UB43_300RB_100,MRA1,250410-250516,201606.0,KR210_R2700_prime,螺柱焊,0,
UB43_300RB_200,MRA1,250410-250516,259570.0,KR210_R2700_prime,螺柱焊,0,
UB43_300RB_300,MRA1,250410-250516,188091.0,KR210_R2700_prime,螺柱焊,0,
UB43_300RB_400,MRA1,250410-250516,227848.0,KR210_R2700_prime,螺柱焊,0,
UB43_310RB_100,MRA1,250410-250516,153872.0,KR210_R2700_prime,螺柱焊,0,
UB43_310RB_200,MRA1,250410-250516,181182.0,KR210_R2700_prime,螺柱焊,0,
UB43_310RB_300,MRA1,250410-250516,124204.0,KR210_R2700_prime,螺柱焊,0,
UB43_310RB_400,MRA1,250410-250516,187139.0,KR210_R2700_prime,螺柱焊,0,
UB43_330RB_100,MRA1,250410-250516,139939.0,KR600_R2830_Fortec,抓手,0,
UB43_335RB_100,MRA1,250410-250516,136545.0,KR600_R2830_Fortec,抓手,0,
UB43_335RB_200,MRA1,250410-250516,241770.0,KR210_R2700_prime,抓手+涂胶,0,
UB43_335RB_300,MRA1,250410-250516,285089.0,KR210_R2700_prime,点焊,0,
UB43_335RB_400,MRA1,250410-250516,272904.0,KR210_R2700_prime,点焊,0,
UB43_335RB_500,MRA1,250410-250516,101013.0,KR210_R2700_prime,点焊,0,
UB43_340RB_100,MRA1,250410-250516,1183501.0,KR600_R2830_Fortec,抓手,0,
UB43_350RB_100,MRA1,250410-250516,521626.0,KR180_R2900_prime,测量,0,
UB43_350RB_200,MRA1,250410-250516,516387.0,KR180_R2900_prime,测量,0,
UB43_350RB_300,MRA1,250410-250516,517860.0,KR180_R2900_prime,测量,0,
UB43_350RB_400,MRA1,250410-250516,516711.0,KR180_R2900_prime,测量,0,
UB43_360RB_100,MRA1,2025-07-30_2025-09-03,253644.0,KR600_R2830_Fortec,抓手,0,25年1月12号换齿轮箱，改程序
UB43_390RB_100,MRA1,250410-250516,488304.0,KR180_R2900_prime,测量,0,
HC41_010RB_100,MRA1,250410-250516,1051216.0,KR210_R3100_ultra,抓手+打标,0,
HC41_020RB_100,MRA1,2025-07-30_2025-09-03,700092.0,KR420_R3330_Fortec,抓手,0,7月换齿轮箱
HC41_030RB_100,MRA1,250410-250516,355884.0,KR180_R2900_prime,涂胶,0,
HC41_040RB_300,MRA1,250410-250516,291498.0,KR280_R3080_Fortec,TOX,0,
HC41_040RB_400,MRA1,250410-250516,298823.0,KR280_R3080_Fortec,TOX,0,温度可能，观察
HC41_060RB_100,MRA1,250410-250516,1067664.0,KR240_R2900_ultra,抓手+TOX,0,
HC41_070RB_100,MRA1,250410-250516,354041.0,KR240_R2900_ultra,TOX,0,
HC41_080RB_100,MRA1,250410-250516,465099.0,KR210_R2700_prime,抓手+涂胶,0,
HC41_100RB_100,MRA1,250410-250516,563667.0,KR600_R2830_Fortec,抓手,0,
HC41_100RB_200,MRA1,250410-250516,144756.0,KR210_R2700_prime,TOX,0,
HC41_110RB_100,MRA1,250410-250516,329415.0,KR280_R3080_Fortec,抓手,0,
HC41_130RB_100,MRA1,250410-250516,505314.0,KR280_R3080_Fortec,抓手+TOX,0,
HC41_150RB_100,MRA1,250410-250516,562492.0,KR210_R3100_ultra,抓手,0,
HC41_160RB_100,MRA1,250410-250516,898654.0,KR280_R3080_Fortec,抓手+TOX,0,温度可能，观察
HC41_180RB_100,MRA1,250410-250516,1107996.0,KR280_R3080_Fortec,抓手+TOX,0,
HC42_210RB_100,MRA1,250410-250516,1137500.0,KR210_R3100_ultra,抓手+涂胶,0,
HC42_220RB_100,MRA1,250410-250516,329827.0,KR240_R2900_ultra,点焊,0,
HC42_220RB_200,MRA1,250410-250516,318898.0,KR210_R2700_prime,点焊,0,
HC42_240RB_100,MRA1,250410-250516,464760.0,KR240_R2900_ultra,TOX,0,
HC42_240RB_200,MRA1,250410-250516,369679.0,KR240_R2900_ultra,TOX,0,
HC42_250RB_100,MRA1,250410-250516,450619.0,KR240_R2900_ultra,抓手+TOX+点焊,0,
HC42_280RB_100,MRA1,250410-250516,534026.0,KR240_R2900_ultra,Impact,0,
HC42_280RB_200,MRA1,250410-250516,467614.0,KR240_R2900_ultra,Impact,0,
HC41_040RB_100,MRA1,250410-250516,590224.0,KR600_R2830_Fortec,点焊,0,
HC41_040RB_200,MRA1,250410-250516,594768.0,KR600_R2830_Fortec,点焊,0,
HC41_050RB_100,MRA1,250410-250516,582156.0,KR280_R3080_Fortec,点焊,0,
HC41_100RB_300,MRA1,250410-250516,579065.0,KR600_R2830_Fortec,点焊,0,
HC41_100RB_400,MRA1,250410-250516,436844.0,KR240_R2900_ultra,点焊,0,
HC41_150RB_200,MRA1,250410-250516,306420.0,KR240_R2900_ultra,点焊,0,
HC41_150RB_300,MRA1,250410-250516,242032.0,KR210_R2700_prime,点焊,0,
HC41_170RB_100,MRA1,250410-250516,491772.0,KR210_R2700_prime,点焊,0,
HC41_170RB_200,MRA1,250410-250516,474956.0,KR240_R2900_ultra,点焊,0,
HC42_190RB_100,MRA1,250410-250516,1101760.0,KR240_R2900_ultra,点焊,0,
HC42_200RB_100,MRA1,250410-250516,,,点焊,0,
HC42_200RB_200,MRA1,250410-250516,,,点焊,0,
HC42_230RB_100,MRA1,250410-250516,1113390.0,KR240_R2900_ultra,点焊,0,
HC42_270RB_100,MRA1,250410-250516,1014610.0,KR600_R2830_Fortec,抓手,0,
HC42_290RB_100,MRA1,250410-250516,1074813.0,KR210_R3100_ultra,点焊,0,
HC42_310RB_100,MRA1,250410-250516,1085276.0,KR210_R3100_ultra,抓手,0,
HC42_310RB_200,MRA1,250410-250516,356737.0,KR210_R2700_prime,点焊,0,
HC42_310RB_300,MRA1,250410-250516,305772.0,KR210_R2700_prime,点焊,0,
HC42_330RB_100,MRA1,250410-250516,1039823.0,KR360_R2830_Fortec,点焊,0,
HC42_350RB_100,MRA1,250410-250516,451180.0,KR240_R2900_ultra,点焊,0,
HC42_360RB_100,MRA1,2025-07-30_2025-09-03,234017.0,KR360_R2830_Fortec,抓手,0,检查发现齿轮箱螺栓切断，更换齿轮箱.后又升高，调整间隙后好转；8月做参照
HC42_370RB_100,MRA1,250410-250516,263587.0,KR180_R2900_prime,测量,0,
HC42_370RB_200,MRA1,250410-250516,212097.0,KR180_R2900_prime,测量,0,
VB41_010RB_100,MRA1,2025-07-30_2025-09-03,344929.0,KR280_R3080_Fortec,抓手,0,7.1换平衡缸
VB41_020RB_100,MRA1,250410-250516,298418.0,KR210_R3100_ultra,抓手,0,
VB41_030RB_100,MRA1,250410-250516,525221.0,KR600_R2830_Fortec,抓手+涂胶,0,
VB41_160RB_100,MRA1,250410-250516,544633.0,KR420_R3330_Fortec,抓手+TOX+换枪盘,0,
VB41_160RB_200,MRA1,250410-250516,636055.0,KR360_R2830_Fortec,抓手+涂胶+焊枪,0,
VB41_160RB_300,MRA1,250410-250516,629053.0,KR360_R2830_Fortec,抓手+涂胶+焊枪,0,
VB41_160RB_400,MRA1,250410-250516,331678.0,KR210_R2700_prime,TOX,0,
VB41_190RB_100,MRA1,250410-250516,1225773.0,KR240_R2900_ultra,TOX+抓手,0,
VB41_210RB_100,MRA1,250410-250516,1146415.0,KR420_R3330_Fortec,抓手+螺柱焊,0,
VB41_040RB_100,MRA1,250410-250516,261363.0,KR210_R2700_prime,点焊,0,11.4号多轴突变
VB41_040RB_200,MRA1,250410-250516,244614.0,KR210_R2700_prime,点焊,0,
VB41_060RB_100,MRA1,250410-250516,563131.0,KR360_R2830_Fortec,点焊+抓手,0,
VB41_060RB_200,MRA1,250410-250516,552225.0,KR600_R2830_Fortec,点焊+抓手,0,2025.3.8突变，更换了平衡缸
VB41_070RB_100,MRA1,250410-250516,468936.0,KR240_R2900_ultra,点焊+抓手,0,
VB41_090RB_100,MRA1,250410-250516,338871.0,KR240_R2900_ultra,点焊+抓手+涂胶,0,
VB41_100RB_100,MRA1,250410-250516,446709.0,KR210_R3100_ultra,抓手,0,
VB41_110RB_100,MRA1,250410-250516,503696.0,KR210_R3100_ultra,抓手+涂胶,0,
VB41_120RB_100,MRA1,250410-250516,382776.0,KR210_R3100_ultra,点焊,0,
VB41_120RB_200,MRA1,250410-250516,382275.0,KR210_R3100_ultra,点焊,0,
VB41_130RB_100,MRA1,250410-250516,588061.0,KR280_R3080_Fortec,点焊,0,
VB41_140RB_100,MRA1,250410-250516,411557.0,KR210_R2700_prime,点焊,0,
VB41_140RB_200,MRA1,250410-250516,403613.0,KR210_R2700_prime,点焊,0,
VB41_170RB_100,MRA1,250410-250516,493268.0,KR280_R3080_Fortec,点焊,0,
VB41_200RB_100,MRA1,250410-250516,491403.0,KR210_R2700_prime,点焊,0,
VB41_200RB_200,MRA1,250410-250516,503228.0,KR210_R2700_prime,点焊,0,
VB41_220RB_100,MRA1,250410-250516,490721.0,KR180_R2900_prime,测量,0,
VB41_220RB_200,MRA1,250410-250516,511922.0,KR180_R2900_prime,测量,0,
VB41_230RB_100,MRA1,250410-250516,184308.0,KR240_R2900_ultra,抓手,0,突变继续观察
SA41_010RB_100,MRA1,250410-250516,606977.0,KR420_R3330_Fortec,抓手,0,
SA41_010RB_200,MRA1,250410-250516,254696.0,KR210_R3100_ultra,点焊,0,
SA41_010RB_300,MRA1,250410-250516,530611.0,KR240_R2900_ultra,confix,0,
SA41_010RB_400,MRA1,250410-250516,538544.0,KR240_R2900_ultra,confix,0,
SA41_020RB_100,MRA1,250410-250516,439244.0,KR420_R3330_Fortec,抓手,0,
SA41_020RB_200,MRA1,250410-250516,380001.0,KR240_R2900_ultra,点焊,0,
SA41_020RB_300,MRA1,250410-250516,522485.0,KR280_R3080_Fortec,抓手+涂胶+ 点焊,0,
SA41_030RB_100,MRA1,250410-250516,517938.0,KR280_R3080_Fortec,抓手+点焊,0,
SA41_050RB_100,MRA1,250410-250516,438607.0,KR280_R3080_Fortec,抓手,0,
SA41_050RB_200,MRA1,250410-250516,141970.0,KR16_R1610_Cybertech,MIG,0,
SA42_010RB_100,MRA1,250410-250516,608827.0,KR420_R3330_Fortec,抓手,0,
SA42_010RB_200,MRA1,250410-250516,286762.0,KR210_R3100_ultra,点焊,0,
SA42_010RB_300,MRA1,250410-250516,542892.0,KR240_R2900_ultra,confix,0,
SA42_010RB_400,MRA1,250410-250516,481369.0,KR240_R2900_ultra,confix,0,
SA42_020RB_100,MRA1,250410-250516,461687.0,KR420_R3330_Fortec,抓手,0,
SA42_020RB_200,MRA1,250410-250516,405963.0,KR240_R2900_ultra,点焊,0,
SA42_020RB_300,MRA1,250410-250516,550353.0,KR280_R3080_Fortec,抓手+涂胶+ 点焊,0,
SA42_030RB_100,MRA1,250410-250516,482130.0,KR280_R3080_Fortec,抓手+点焊,0,
SA42_050RB_100,MRA1,250410-250516,477012.0,KR280_R3080_Fortec,抓手,0,
SA42_050RB_200,MRA1,250410-250516,64125.0,KR16_R1610_Cybertech,MIG,0,
SG41_010RB_100,MRA1,250410-250516,572668.0,KR420_R3330_Fortec,抓手,0,
SG41_020RB_100,MRA1,250410-250516,626329.0,KR280_R3080_Fortec,抓手+涂胶,0,
SG41_020RB_200,MRA1,250410-250516,642619.0,KR360_R2830_Fortec,抓手+点焊,0,
SG41_020RB_300,MRA1,250410-250516,359540.0,KR240_R2900_ultra,点焊,0,
SG41_020RB_400,MRA1,250410-250516,276495.0,KR240_R2900_ultra,点焊,0,
SG41_020RB_500,MRA1,250410-250516,284099.0,KR240_R2900_ultra,点焊,0,
SG41_020RB_600,MRA1,250410-250516,595223.0,KR280_R3080_Fortec,抓手+涂胶,0,
SG41_030RB_100,MRA1,250410-250516,545121.0,KR240_R2900_ultra,抓手+涂胶,0,
SG41_040RB_100,MRA1,250410-250516,517332.0,KR420_R3330_Fortec,抓手+点焊,0,2025.1.11平衡缸异响更换
SG41_050RB_100,MRA1,250410-250516,383382.0,KR240_R2900_ultra,点焊,0,
SG41_050RB_200,MRA1,250410-250516,537693.0,KR280_R3080_Fortec,抓手+涂胶,0,
SG41_050RB_300,MRA1,250410-250516,305512.0,KR210_R3100_ultra,点焊,0,
SG41_050RB_400,MRA1,250410-250516,360302.0,KR240_R2900_ultra,点焊,0,
SG41_060RB_100,MRA1,250410-250516,278920.0,KR360_R2830_Fortec,抓手,0,
SG41_060RB_200,MRA1,250410-250516,166019.0,KR210_R2700_prime,螺柱焊,0,
SG41_060RB_300,MRA1,250410-250516,194600.0,KR420_R3330_Fortec,抓手,0,
SG41_070RB_100,MRA1,250410-250516,149675.0,KR180_R2900_prime,伯赛,0,
SG41_070RB_200,MRA1,250410-250516,133033.0,KR180_R2900_prime,伯赛,0,
SG42_010RB_100,MRA1,250410-250516,681721.0,KR420_R3330_Fortec,抓手,0,
SG42_020RB_100,MRA1,2025-07-30_2025-09-03,624499.0,KR280_R3080_Fortec,抓手+涂胶,0,查出后检查了齿轮间隙，不合格调整了，继续观察;  8月做参照
SG42_020RB_200,MRA1,250410-250516,529249.0,KR360_R2830_Fortec,抓手+点焊,0,温度相关可能，观察
SG42_020RB_300,MRA1,250410-250516,450337.0,KR240_R2900_ultra,点焊,0,
SG42_020RB_400,MRA1,250410-250516,272207.0,KR240_R2900_ultra,点焊,0,
SG42_020RB_500,MRA1,250410-250516,269829.0,KR240_R2900_ultra,点焊,0,
SG42_020RB_600,MRA1,250410-250516,617894.0,KR280_R3080_Fortec,抓手+涂胶,1,9月底改
SG42_030RB_100,MRA1,250410-250516,533980.0,KR240_R2900_ultra,抓手+涂胶,0,
SG42_040RB_100,MRA1,250410-250516,534373.0,KR420_R3330_Fortec,抓手+点焊,0,
SG42_050RB_100,MRA1,250410-250516,388508.0,KR240_R2900_ultra,点焊,0,
SG42_050RB_200,MRA1,250410-250516,575374.0,KR280_R3080_Fortec,抓手+涂胶+ 点焊,0,
SG42_050RB_300,MRA1,250410-250516,344210.0,KR210_R3100_ultra,点焊,0,
SG42_050RB_400,MRA1,250410-250516,349640.0,KR240_R2900_ultra,点焊,0,
SG42_060RB_100,MRA1,250410-250516,271732.0,KR360_R2830_Fortec,抓手,0,
SG42_060RB_200,MRA1,250410-250516,133938.0,KR210_R2700_prime,螺柱焊,0,
SG42_060RB_300,MRA1,2025-07-30_2025-09-03,311021.0,KR420_R3330_Fortec,抓手,0,2506换齿轮箱
SG42_070RB_100,MRA1,250410-250516,169797.0,KR180_R2900_prime,伯赛,0,
SG42_070RB_200,MRA1,250410-250516,152856.0,KR180_R2900_prime,伯赛,0,
SV41_010RB_100,MRA1,250410-250516,261180.0,KR210_R2700_prime,点焊,0,
SV41_010RB_200,MRA1,250410-250516,396454.0,KR210_R2700_prime,抓手+涂胶,0,
SV41_010RB_300,MRA1,250410-250516,549720.0,KR240_R2900_ultra,抓手+涂胶,0,
SV41_020RB_100,MRA1,250410-250516,657538.0,KR360_R2830_Fortec,抓手+点焊,0,
SV41_020RB_200,MRA1,250410-250516,319543.0,KR210_R3100_ultra,点焊,0,
SV41_020RB_300,MRA1,250410-250516,317013.0,KR240_R2900_ultra,点焊,0,
SV41_030RB_100,MRA1,250410-250516,518268.0,KR280_R3080_Fortec,抓手+点焊,0,
SV41_040RB_100,MRA1,250410-250516,484853.0,KR280_R3080_Fortec,抓手+点焊,0,
SV42_010RB_100,MRA1,250410-250516,250731.0,KR210_R2700_prime,点焊,0,
SV42_010RB_200,MRA1,250410-250516,384848.0,KR210_R2700_prime,抓手+涂胶,0,
SV42_010RB_300,MRA1,250410-250516,482680.0,KR240_R2900_ultra,抓手+涂胶,0,
SV42_020RB_100,MRA1,250410-250516,639225.0,KR360_R2830_Fortec,抓手+点焊,0,
SV42_020RB_200,MRA1,250410-250516,307762.0,KR210_R3100_ultra,点焊,0,
SV42_020RB_300,MRA1,250410-250516,308448.0,KR240_R2900_ultra,点焊,0,
SV42_030RB_100,MRA1,250410-250516,523104.0,KR280_R3080_Fortec,抓手+点焊,0,
SV42_040RB_100,MRA1,250410-250516,500909.0,KR280_R3080_Fortec,抓手+点焊,0,
AS41_020RB_100,MRA1,250410-250516,239975.0,KR210_R3100_ultra,点焊,0,
AS41_020RB_200,MRA1,250410-250516,476826.0,KR360_R2830_Fortec,抓手+涂胶,0,温度相关可能，观察
AS41_030RB_100,MRA1,250410-250516,493794.0,KR600_R2830_Fortec,抓手,0,
AS41_030RB_200,MRA1,250410-250516,488958.0,KR600_R2830_Fortec,抓手,0,
AS41_031RB_100,MRA1,250410-250516,193282.0,KR180_R2900_prime,涂胶,0,
AS41_031RB_200,MRA1,250410-250516,224208.0,KR180_R2900_prime,涂胶,0,
AS41_032RB_100,MRA1,250410-250516,192655.0,KR180_R2900_prime,涂胶,0,
AS41_032RB_200,MRA1,250410-250516,212279.0,KR180_R2900_prime,涂胶,0,
AS41_050RB_100,MRA1,250410-250516,513623.0,KR210_R3100_ultra,点焊,0,
AS41_050RB_200,MRA1,250410-250516,524803.0,KR210_R3100_ultra,点焊,0,
AS41_050RB_300,MRA1,250410-250516,441247.0,KR600_R2830_Fortec,抓手,0,
AS41_050RB_400,MRA1,250410-250516,431068.0,KR600_R2830_Fortec,抓手,0,
AS41_050RB_500,MRA1,250410-250516,473438.0,KR210_R3100_ultra,点焊,0,
AS41_050RB_600,MRA1,250410-250516,545027.0,KR210_R3100_ultra,点焊,0,
AS41_200RB_100,MRA1,250410-250516,219390.0,KR210_R3100_ultra,点焊,0,
AS41_210RB_100,MRA1,250410-250516,403625.0,KR210_R3100_ultra,抓手+涂胶,0,
AS41_210RB_200,MRA1,250410-250516,159538.0,KR16_R1610_Cybertech,MIG,0,
AS41_300RB_100,MRA1,250410-250516,596614.0,KR420_R3330_Fortec,抓手,0,
FS41_010RB_100,MRA1,250410-250516,466811.0,KR240_R2900_ultra,点焊,0,
FS41_010RB_200,MRA1,250410-250516,531650.0,KR240_R2900_ultra,点焊,0,
FS41_010RB_300,MRA1,250410-250516,468203.0,KR210_R3100_ultra,点焊,0,
FS41_010RB_400,MRA1,250410-250516,475048.0,KR210_R3100_ultra,点焊,0,
FS41_020RB_100,MRA1,250410-250516,479384.0,KR240_R2900_ultra,点焊,0,
FS41_020RB_200,MRA1,250410-250516,493989.0,KR240_R2900_ultra,点焊,0,
FS41_020RB_300,MRA1,250410-250516,375757.0,KR360_R2830_Fortec,抓手,0,
FS41_020RB_400,MRA1,250410-250516,338769.0,KR360_R2830_Fortec,抓手,0,
FS41_020RB_500,MRA1,250410-250516,484073.0,KR210_R3100_ultra,点焊,0,
FS41_020RB_600,MRA1,250410-250516,484989.0,KR210_R3100_ultra,点焊,0,
FS41_030RB_100,MRA1,250410-250516,507328.0,KR210_R3100_ultra,点焊,0,
FS41_030RB_200,MRA1,250410-250516,554510.0,KR420_R3330_Fortec,抓手+涂胶+螺柱焊,0,
FS41_030RB_300,MRA1,250410-250516,548687.0,KR210_R3100_ultra,点焊,0,
FS41_030RB_400,MRA1,250410-250516,546157.0,KR210_R3100_ultra,点焊,0,
FS41_040RB_100,MRA1,250410-250516,522607.0,KR210_R3100_ultra,点焊,0,
FS41_040RB_200,MRA1,250410-250516,451128.0,KR210_R3100_ultra,点焊,0,
FS41_040RB_300,MRA1,250410-250516,443765.0,KR240_R2900_ultra,点焊,0,
FS41_040RB_400,MRA1,250410-250516,521500.0,KR240_R2900_ultra,点焊,0,
FS41_050RB_100,MRA1,250410-250516,536655.0,KR210_R3100_ultra,点焊,0,
FS41_050RB_200,MRA1,250410-250516,492342.0,KR210_R3100_ultra,点焊,0,
FS41_050RB_300,MRA1,250410-250516,382626.0,KR240_R2900_ultra,点焊,0,
FS41_050RB_400,MRA1,2025-07-30_2025-09-03,541671.0,KR240_R2900_ultra,点焊,0,8月需要改参照
FS41_050RB_500,MRA1,250410-250516,398249.0,KR210_R3100_ultra,点焊,0,
AS42_020RB_100,MRA1,250410-250516,371578.0,KR600_R2830_Fortec,抓手,0,
AS42_020RB_200,MRA1,250410-250516,381496.0,KR600_R2830_Fortec,抓手,0,
AS42_021RB_100,MRA1,250410-250516,530807.0,KR420_R3330_Fortec,抓手,0,
AS42_021RB_200,MRA1,250410-250516,293204.0,KR180_R2900_prime,涂胶,0,
AS42_021RB_300,MRA1,250410-250516,216023.0,KR180_R2900_prime,涂胶,0,
AS42_021RB_400,MRA1,250410-250516,287410.0,KR180_R2900_prime,涂胶,0,
AS42_022RB_100,MRA1,250410-250516,461346.0,KR420_R3330_Fortec,抓手,0,
AS42_022RB_200,MRA1,250410-250516,297536.0,KR180_R2900_prime,涂胶,0,
AS42_022RB_300,MRA1,250410-250516,228141.0,KR180_R2900_prime,涂胶,0,
AS42_022RB_400,MRA1,250410-250516,302749.0,KR180_R2900_prime,涂胶,0,
AS42_030RB_100,MRA1,250410-250516,432705.0,KR240_R2900_ultra,抓手,0,
AS42_030RB_200,MRA1,250410-250516,279501.0,KR210_R3100_ultra,涂胶,0,
AS42_030RB_400,MRA1,250410-250516,393335.0,KR240_R2900_ultra,抓手,0,
AS42_050RB_100,MRA1,250410-250516,294561.0,KR180_R3100_prime_K,点焊,0,
AS42_050RB_200,MRA1,250410-250516,285657.0,KR180_R3100_prime_K,点焊,0,
AS42_050RB_300,MRA1,250410-250516,305853.0,KR180_R3100_prime_K,点焊,0,
AS42_050RB_400,MRA1,250410-250516,280174.0,KR180_R3100_prime_K,点焊,0,
AS42_050RB_500,MRA1,250410-250516,282582.0,KR210_R3100_ultra,点焊,0,
AS42_050RB_600,MRA1,250410-250516,307660.0,KR210_R3100_ultra,点焊,0,
AS42_050RB_700,MRA1,250410-250516,286523.0,KR210_R3100_ultra,点焊,0,
AS42_050RB_800,MRA1,250410-250516,279695.0,KR210_R3100_ultra,点焊,0,
RS42_010RB_100,MRA1,250410-250516,434385.0,KR210_R2700_prime,点焊,0,
RS42_010RB_200,MRA1,250410-250516,431193.0,KR210_R2700_prime,点焊,0,
RS42_010RB_300,MRA1,250410-250516,111098.0,KR360_R2830_Fortec,流钻,0,
RS42_010RB_400,MRA1,250410-250516,132497.0,KR360_R2830_Fortec,流钻,0,
RS42_020RB_100,MRA1,250410-250516,474414.0,KR210_R2700_prime,点焊,1,焊点改
RS42_020RB_200,MRA1,250410-250516,481831.0,KR210_R2700_prime,点焊,0,
RS42_020RB_300,MRA1,250410-250516,463130.0,KR210_R2700_prime,点焊,0,
RS42_020RB_400,MRA1,250410-250516,461408.0,KR210_R2700_prime,点焊,0,
RS42_030RB_100,MRA1,250410-250516,444805.0,KR210_R2700_prime,点焊,0,
RS42_030RB_200,MRA1,250410-250516,441086.0,KR210_R2700_prime,点焊,0,
RS42_030RB_300,MRA1,250410-250516,445532.0,KR210_R2700_prime,点焊,1,250826换电极臂后
RS42_030RB_400,MRA1,250410-250516,450866.0,KR210_R2700_prime,点焊,0,
RS42_030RB_500,MRA1,250410-250516,470710.0,KR240_R2900_ultra,点焊,0,
RS42_030RB_600,MRA1,250410-250516,425476.0,KR240_R2900_ultra,点焊,0,
RS42_040RB_100,MRA1,250410-250516,476103.0,KR210_R2700_prime,点焊,0,
RS42_040RB_200,MRA1,250410-250516,466437.0,KR210_R2700_prime,点焊,0,
RS42_040RB_300,MRA1,250410-250516,480757.0,KR210_R2700_prime,点焊,0,
RS42_040RB_400,MRA1,250410-250516,419487.0,KR210_R2700_prime,点焊,0,
RS42_050RB_100,MRA1,250410-250516,481659.0,KR240_R2900_ultra,点焊,1,9月末改
RS42_050RB_200,MRA1,250410-250516,463294.0,KR240_R2900_ultra,点焊,0,
RS42_050RB_300,MRA1,250410-250516,389889.0,KR210_R2700_prime,点焊,0,
RS42_050RB_400,MRA1,250410-250516,461221.0,KR210_R2700_prime,点焊,0,
RS42_050RB_500,MRA1,250410-250516,470629.0,KR240_R2900_ultra,点焊,0,
RS42_050RB_600,MRA1,250410-250516,469629.0,KR240_R2900_ultra,点焊,0,
RS42_060RB_100,MRA1,250410-250516,167285.0,KR16_R1610_Cybertech,MIG,0,
RS42_060RB_200,MRA1,250410-250516,,KR16_R1610_Cybertech,MIG,0,
RS42_060RB_300,MRA1,250410-250516,322677.0,KR16_R1610_Cybertech,MIG,0,
RS42_060RB_400,MRA1,250410-250516,311758.0,KR16_R1610_Cybertech,MIG,0,
FS43_020RB_100,MRA1,250410-250516,224722.0,KR240_R2900_ultra,铆接,0,
FS43_020RB_200,MRA1,250410-250516,216640.0,KR240_R2900_ultra,铆接,0,
FS43_020RB_400,MRA1,250410-250516,387487.0,KR240_R2900_ultra,抓手,0,
FS43_021RB_100,MRA1,250410-250516,338499.0,KR210_R3100_ultra,抓手+涂胶,0,温度相关可能，观察
FS43_030RB_100,MRA1,250410-250516,432352.0,KR240_R2900_ultra,铆接,0,
FS43_030RB_200,MRA1,250410-250516,378355.0,KR240_R2900_ultra,铆接,0,
FS43_030RB_300,MRA1,250410-250516,305700.0,KR420_R3330_Fortec,TOX,0,
FS43_040RB_100,MRA1,250410-250516,78403.0,KR210_R2700_prime,螺柱焊,0,
FS43_040RB_200,MRA1,250410-250516,350858.0,KR210_R2700_prime,螺柱焊,0,
FS43_040RB_400,MRA1,250410-250516,235736.0,KR210_R2700_prime,螺柱焊,0,
FS43_050RB_100,MRA1,250410-250516,306541.0,KR210_R2700_prime,螺柱焊,0,
FS43_050RB_200,MRA1,250410-250516,155586.0,KR210_R2700_prime,螺柱焊,0,
FS43_050RB_300,MRA1,250410-250516,138322.0,KR210_R2700_prime,螺柱焊,0,
FS43_050RB_400,MRA1,250410-250516,326123.0,KR210_R2700_prime,螺柱焊,0,
FS43_060RB_100,MRA1,250410-250516,423035.0,KR360_R2830_Fortec,STFP+Bestfit,0,
FS43_060RB_200,MRA1,250410-250516,329604.0,KR360_R2830_Fortec,STFP+Bestfit,0,
FS43_070RB_400,MRA1,250410-250516,327648.0,KR240_R2900_ultra,铆接,0,
FS43_090RB_100,MRA1,250410-250516,512455.0,KR180_R2900_prime,伯赛,0,
FS43_090RB_200,MRA1,250410-250516,493223.0,KR180_R2900_prime,伯赛,0,
FS43_090RB_300,MRA1,250410-250516,518790.0,KR180_R2900_prime,伯赛,0,
FS43_090RB_400,MRA1,250410-250516,519658.0,KR180_R2900_prime,伯赛,0,
MA41_050RB_100,MRA1,250410-250516,9540.0,KR240R2900ultra,拧紧枪,0,
MA41_050RB_200,MRA1,250410-250516,9536.0,KR240R2900ultra,拧紧枪,0,
MA41_050RB_400,MRA1,250410-250516,3685.0,KR240R2900ultra,抓手,0,
MA41_050RB_600,MRA1,250410-250516,9628.0,KR240R2900ultra,抓手,0,
MA41_100RB_100,MRA1,250410-250516,454416.0,KR360R2830,抓手+bestfit,0,
MA41_100RB_200,MRA1,250410-250516,374258.0,KR360R2830,拧紧枪+sensorpart,0,
MA41_100RB_300,MRA1,250410-250516,1133165.0,KR360R2830,拧紧枪,1,9月改
MA41_100RB_500,MRA1,250410-250516,,KR240R2900ultra/FLR,抓手+DT500+sensorpart,0,
MA41_150RB_100,MRA1,250410-250516,422399.0,KR360R2830,抓手+拧紧枪,0,
MA41_150RB_200,MRA1,250410-250516,399683.0,KR360R2830,抓手+拧紧枪,0,
MA41_150RB_300,MRA1,250410-250516,473198.0,KR360R2830,抓手+bestfit,0,
MA41_150RB_400,MRA1,250410-250516,390190.0,KR360R2830,抓手+bestfit,0,
MA41_150RB_500,MRA1,250410-250516,273542.0,KR240R2900ultra,拧紧枪,0,
MA41_150RB_600,MRA1,250410-250516,367939.0,KR240R2900ultra,拧紧枪,0,
MA41_200RB_100,MRA1,250410-250516,445271.0,KR360R2830,抓手+拧紧枪,0,
MA41_200RB_200,MRA1,250410-250516,403643.0,KR360R2830,抓手+拧紧枪,0,
MA41_200RB_300,MRA1,250410-250516,485913.0,KR360R2830,抓手+bestfit,0,
MA41_200RB_400,MRA1,250410-250516,498911.0,KR360R2830,抓手+bestfit,0,
MA41_200RB_500,MRA1,250410-250516,1094481.0,KR360R2830,拧紧枪,0,
MA41_200RB_600,MRA1,250410-250516,996143.0,KR360R2830,拧紧枪,0,
MA41_350RB_100,MRA1,250410-250516,231591.0,KR240R2900ultra,拧紧枪+sensorpart,0,
MA41_350RB_200,MRA1,250410-250516,435339.0,KR240R2900ultra,拧紧枪+sensorpart,0,
MA41_400RB_100,MRA1,250410-250516,529877.0,KR360R2830,抓手+bestfit,0,
MA41_400RB_200,MRA1,250410-250516,1124388.0,KR240R2900ultra,拧紧枪+sensorpart,0,
MA41_400RB_300,MRA1,250410-250516,1075729.0,KR240R2900ultra,拧紧枪+sensorpart,0,
MA41_500RB_100,MRA1,250410-250516,1140393.0,KR240R2900ultra,拧紧枪,0,
MA41_500RB_200,MRA1,250410-250516,1151721.0,KR240R2900ultra,拧紧枪,0,
MA41_500RB_300,MRA1,250410-250516,451982.0,KR240R2900ultra,拧紧枪+bestfit,0,
MA41_500RB_400,MRA1,250410-250516,512237.0,KR240R2900ultra,拧紧枪+bestfit,0,
MA41_500RB_500,MRA1,250410-250516,968365.0,KR240R2900ultra,拧紧枪,0,
MA41_500RB_600,MRA1,250410-250516,985564.0,KR240R2900ultra,拧紧枪,0,
MA41_500RB_700,MRA1,250410-250516,397262.0,KR22R1610-2,拧紧枪,0,
MA41_500RB_800,MRA1,250410-250516,451788.0,KR22R1610-2,拧紧枪,0,
MA41_550RB_100,MRA1,250410-250516,398255.0,KR240R2900ultra,拧紧枪+bestfit,0,
MA41_550RB_200,MRA1,250410-250516,550490.0,KR240R2900ultra,拧紧枪+bestfit,0,
FA41_010RB_100,HOP,250410-250516,466556.0,KR210_R3100_ultra,抓手,0,
FA41_020RB_100,HOP,250410-250516,320097.0,KR240_R2900_ultra,涂胶+抓手,0,
FA41_030RB_100,HOP,250410-250516,245053.0,KR360_R2830_Fortec,焊接,0,
FA41_030RB_200,HOP,250410-250516,217315.0,KR360_R2830_Fortec,焊接,0,
FA41_040RB_100,HOP,250410-250516,446244.0,KR240_R2900_ultra,抓手,0,
FA41_040RB_200,HOP,250410-250516,261445.0,KR360_R2830_Fortec,焊接,0,
FA41_060RB_100,HOP,250410-250516,388576.0,KR240_R2900_ultra,抓手,0,2月改
FA41_060RB_200,HOP,250410-250516,215310.0,KR360_R2830_Fortec,焊接,0,
FA41_070RB_100,HOP,250410-250516,136113.0,KR210_R3100_ultra,抓手,0,
FA41_080RB_100,HOP,250410-250516,214443.0,KR210_R3100_ultra,抓手,0,
FA41_100RB_100,HOP,250410-250516,331981.0,KR210_R3100_ultra,涂胶,0,
FA41_120RB_100,HOP,250410-250516,221304.0,KR240_R2900_ultra,涂胶,0,
FA41_130RB_100,HOP,250410-250516,378289.0,KR600_R2830_Fortec,焊接,0,
FA41_160RB_100,HOP,250410-250516,612053.0,KR360_R2830_Fortec,抓手,0,
FA41_160RB_200,HOP,250410-250516,515201.0,KR210_R2700_prime,激光焊,0,
FA41_170RB_100,HOP,250410-250516,398328.0,KR210_R2700_prime,激光焊,0,
FA41_170RB_200,HOP,250410-250516,293672.0,KR420_R3330_Fortec,抓手,0,25.2改程序
FA41_190RB_100,HOP,250410-250516,423464.0,KR210_R3100_ultra,抓手,0,春节改动
FA41_200RB_200,HOP,250410-250516,303400.0,KR360_R2830_Fortec,焊接,0,8.12改程序
FA41_210RB_100,HOP,250410-250516,488387.0,KR210_R3100_ultra,涂胶,0,
FA41_210RB_200,HOP,250410-250516,257894.0,KR360_R2830_Fortec,焊接,0,
FA41_220RB_100,HOP,250410-250516,221528.0,KR360_R2830_Fortec,焊接,0,
FA41_220RB_200,HOP,250410-250516,216922.0,KR360_R2830_Fortec,焊接,0,
FA41_230RB_100,HOP,250410-250516,416656.0,KR210_R3100_ultra,抓手,0,
FA41_230RB_200,HOP,250410-250516,244827.0,KR360_R2830_Fortec,焊接,0,25.2改程序
FA43_250RB_100,HOP,250410-250516,366799.0,KR210_R3100_ultra,涂胶,0,
FA43_260RB_100,HOP,250410-250516,294041.0,KR180_R2900_prime,涂胶,0,
FA43_260RB_200,HOP,250410-250516,488921.0,KR210_R3100_ultra,抓手,0,
FA43_270RB_100,HOP,250410-250516,366133.0,KR240_R2900_ultra,滚边,0,
FA43_270RB_200,HOP,250410-250516,538526.0,KR420_R3330_Fortec,抓手,0,
FA43_270RB_300,HOP,250410-250516,287653.0,KR240_R2900_ultra,滚边,0,
FA43_270RB_400,HOP,250410-250516,321946.0,KR240_R2900_ultra,滚边,0,
FA43_270RB_500,HOP,250410-250516,457135.0,KR240_R2900_ultra,滚边,0,
FA43_280RB_100,HOP,250410-250516,256980.0,KR210_R3100_ultra,抓手,0,
FA43_290RB_100,HOP,250410-250516,234515.0,KR210_R3100_ultra,抓手,0,
FA43_300RB_100,HOP,250410-250516,440713.0,KR240_R2900_ultra,抓手,0,2025.2改程序
FA43_320RB_100,HOP,250410-250516,276457.0,KR210_R3100_ultra,抓手,0,2025.2改程序
FA43_310RB_100,HOP,250410-250516,341389.0,KR180_R2900_prime,博赛,0,
FA42_010RB_100,HOP,250410-250516,477492.0,KR210_R3100_ultra,抓手,0,
FA42_020RB_100,HOP,250410-250516,349450.0,KR240_R2900_ultra,涂胶,0,2025.2月改程序
FA42_030RB_100,HOP,250410-250516,236749.0,KR360_R2830_Fortec,焊接,0,待观察
FA42_030RB_200,HOP,250410-250516,234087.0,KR360_R2830_Fortec,焊接,0,
FA42_040RB_100,HOP,250410-250516,401455.0,KR240_R2900_ultra,抓手,0,
FA42_040RB_200,HOP,250410-250516,231945.0,KR360_R2830_Fortec,焊接,0,
FA42_060RB_100,HOP,250410-250516,376189.0,KR240_R2900_ultra,抓手,0,
FA42_060RB_200,HOP,250410-250516,213368.0,KR360_R2830_Fortec,焊接,0,
FA42_070RB_100,HOP,250410-250516,130759.0,KR210_R3100_ultra,抓手,0,2025.2月改程序
FA42_080RB_100,HOP,2025-07-30_2025-09-03,251637.0,KR210_R3100_ultra,抓手,0,8月需要改参照
FA42_100RB_100,HOP,250410-250516,356864.0,KR210_R3100_ultra,涂胶,0,
FA42_120RB_100,HOP,250410-250516,220460.0,KR240_R2900_ultra,涂胶,0,
FA42_130RB_100,HOP,250410-250516,358774.0,KR600_R2830_Fortec,焊接,0,
FA42_160RB_100,HOP,250410-250516,628376.0,KR360_R2830_Fortec,抓手,0,
FA42_160RB_200,HOP,250410-250516,541026.0,KR210_R2700_prime,激光焊,0,
FA42_170RB_100,HOP,250410-250516,405615.0,KR210_R2700_prime,激光焊,0,
FA42_170RB_200,HOP,250410-250516,286885.0,KR420_R3330_Fortec,抓手,0,
FA42_190RB_100,HOP,250410-250516,388820.0,KR210_R3100_ultra,抓手,0,
FA42_200RB_200,HOP,250410-250516,289010.0,KR360_R2830_Fortec,焊接,0,9.1改
FA42_210RB_100,HOP,250410-250516,485666.0,KR210_R3100_ultra,涂胶,0,
FA42_210RB_200,HOP,250410-250516,244731.0,KR360_R2830_Fortec,焊接,0,
FA42_220RB_100,HOP,250410-250516,227910.0,KR360_R2830_Fortec,焊接,0,
FA42_220RB_200,HOP,250410-250516,203466.0,KR360_R2830_Fortec,焊接,0,
FA42_230RB_100,HOP,250410-250516,426083.0,KR210_R3100_ultra,抓手,0,
FA42_230RB_200,HOP,250410-250516,256367.0,KR360_R2830_Fortec,焊接,0,2025.2月改程序
FA44_250RB_100,HOP,250410-250516,456065.0,KR210_R3100_ultra,涂胶,0,
FA44_260RB_100,HOP,250410-250516,306828.0,KR180_R2900_prime,涂胶,0,
FA44_260RB_200,HOP,250410-250516,492405.0,KR210_R3100_ultra,抓手,0,有变化，观察
FA44_270RB_100,HOP,250410-250516,377927.0,KR240_R2900_ultra,滚边,0,
FA44_270RB_200,HOP,250410-250516,416093.0,KR420_R3330_Fortec,抓手,0,
FA44_270RB_300,HOP,250410-250516,232276.0,KR240_R2900_ultra,滚边,0,
FA44_270RB_400,HOP,250410-250516,323038.0,KR240_R2900_ultra,滚边,0,
FA44_270RB_500,HOP,250410-250516,368349.0,KR240_R2900_ultra,滚边,0,
FA44_280RB_100,HOP,250410-250516,152842.0,KR210_R3100_ultra,抓手,0,
FA44_290RB_100,HOP,250410-250516,157184.0,KR210_R3100_ultra,抓手,0,
FA44_300RB_100,HOP,250410-250516,425098.0,KR240_R2900_ultra,抓手,0,抹布进入齿轮齿条，后续观察，最好调整齿轮间隙
FA44_320RB_100,HOP,250410-250516,170896.0,KR210_R3100_ultra,抓手,0,6.3改程序
FA44_310RB_100,HOP,250410-250516,243141.0,KR180_R2900_prime,博赛,0,
FD41_010RB_100,HOP,250410-250516,391386.0,KR210_R3100_ultra,抓手,0,
FD41_020RB_100,HOP,250410-250516,316897.0,KR240_R2900_ultra,涂胶+抓手,0,
FD41_030RB_100,HOP,250410-250516,227799.0,KR360_R2830_Fortec,点焊,0,
FD41_030RB_200,HOP,2025-07-30_2025-09-03,298746.0,KR360_R2830_Fortec,点焊,0,7月换平衡缸轴承？
FD41_030RB_300,HOP,250410-250516,238246.0,KR360_R2830_Fortec,点焊,0,
FD41_040RB_100,HOP,250410-250516,474112.0,KR240_R2900_ultra,抓手,0,
FD41_050RB_100,HOP,250410-250516,569496.0,KR360_R2830_Fortec,点焊,0,
FD41_040RB_200,HOP,250410-250516,402577.0,KR360_R2830_Fortec,点焊,0,
FD41_060RB_100,HOP,250410-250516,368883.0,KR240_R2900_ultra,涂胶+抓手,0,
FD41_070RB_100,HOP,250410-250516,238720.0,KR360_R2830_Fortec,点焊,0,
FD41_070RB_200,HOP,250410-250516,178920.0,KR360_R2830_Fortec,点焊,0,
FD41_070RB_300,HOP,250410-250516,175763.0,KR360_R2830_Fortec,点焊,0,
FD41_080RB_100,HOP,250410-250516,419710.0,KR240_R2900_ultra,抓手,0,
FD41_080RB_200,HOP,250410-250516,244864.0,KR360_R2830_Fortec,点焊,0,
FD41_090RB_100,HOP,250410-250516,329419.0,KR210_R3100_ultra,抓手,0,4月改
FD41_110RB_100,HOP,250410-250516,268880.0,KR210_R3100_ultra,涂胶,0,
FD41_120RB_100,HOP,250410-250516,362198.0,KR210_R3100_ultra,抓手,0,
FD41_130RB_100,HOP,2025-07-30_2025-09-03,731729.0,KR600_R2830_Fortec,涂胶+抓手,0,高温假换平衡缸轴承？
FD41_140RB_100,HOP,250410-250516,381042.0,KR600_R2830_Fortec,点焊,0,
FD41_170RB_100,HOP,250410-250516,598207.0,KR360_R2830_Fortec,抓手,0,
FD41_170RB_200,HOP,250410-250516,608974.0,KR210_R2700_prime,飞行焊,0,
FD41_180RB_100,HOP,2025-07-30_2025-09-03,635307.0,KR210_R2700_prime,飞行焊,0,8月需要改参照
FD41_180RB_200,HOP,250410-250516,209439.0,KR420_R3330_Fortec,抓手,0,
FD41_200RB_100,HOP,2025-07-30_2025-09-03,843859.0,KR210_R3100_ultra,涂胶+抓手,0,改程序，8月做参照
FD41_210RB_100,HOP,250410-250516,201347.0,KR360_R2830_Fortec,点焊,0,
FD41_210RB_200,HOP,250410-250516,247557.0,KR360_R2830_Fortec,点焊,0,
FD41_210RB_300,HOP,250410-250516,222092.0,KR360_R2830_Fortec,点焊,0,
FD41_220RB_100,HOP,250410-250516,669679.0,KR210_R3100_ultra,抓手,0,
FD41_220RB_200,HOP,250410-250516,291502.0,KR360_R2830_Fortec,点焊,0,
FD41_240RB_100,HOP,250410-250516,438877.0,KR210_R3100_ultra,点焊,0,
FD41_240RB_200,HOP,250410-250516,289192.0,KR360_R2830_Fortec,点焊,0,
FD43_260RB_100,HOP,250410-250516,569904.0,KR210_R3100_ultra,涂胶,0,
FD43_270RB_100,HOP,250410-250516,304848.0,KR180_R2900_prime,涂胶,0,
FD43_270RB_200,HOP,250410-250516,470137.0,KR210_R3100_ultra,抓手,0,
FD43_280RB_100,HOP,250410-250516,383184.0,KR240_R2900_ultra,滚边,0,4月改
FD43_280RB_200,HOP,250410-250516,513922.0,KR420_R3330_Fortec,抓手,0,
FD43_280RB_300,HOP,250410-250516,339573.0,KR240_R2900_ultra,滚边,0,
FD43_280RB_400,HOP,250410-250516,317473.0,KR240_R2900_ultra,滚边,0,
FD43_280RB_500,HOP,250410-250516,323701.0,KR240_R2900_ultra,滚边,0,
FD43_290RB_100,HOP,250410-250516,200428.0,KR210_R3100_ultra,抓手,0,
FD43_300RB_100,HOP,250410-250516,218629.0,KR210_R3100_ultra,抓手,0,
FD43_310RB_100,HOP,250410-250516,466082.0,KR240_R2900_ultra,抓手,0,
FD43_330RB_100,HOP,250410-250516,,KR210_R3100_ultra,抓手,0,
FD43_320RB_100,HOP,2025-07-30_2025-09-03,377367.0,KR180_R2900_prime,博赛,0,8月改程序
FD42_010RB_100,HOP,250410-250516,397395.0,KR210_R3100_ultra,抓手,0,
FD42_020RB_100,HOP,250410-250516,379744.0,KR240_R2900_ultra,涂胶+抓手,0,
FD42_030RB_100,HOP,250410-250516,240092.0,KR360_R2830_Fortec,点焊,0,
FD42_030RB_200,HOP,250410-250516,280546.0,KR360_R2830_Fortec,点焊,0,
FD42_030RB_300,HOP,250410-250516,232820.0,KR360_R2830_Fortec,点焊,0,
FD42_040RB_100,HOP,250410-250516,509778.0,KR240_R2900_ultra,抓手,0,
FD42_050RB_100,HOP,250410-250516,513352.0,KR360_R2830_Fortec,点焊,0,改程序
FD42_040RB_200,HOP,250410-250516,414632.0,KR360_R2830_Fortec,点焊,0,
FD42_060RB_100,HOP,250410-250516,378587.0,KR240_R2900_ultra,涂胶+抓手,0,2025.2改程序
FD42_070RB_100,HOP,250410-250516,229376.0,KR360_R2830_Fortec,点焊,0,
FD42_070RB_200,HOP,250410-250516,158309.0,KR360_R2830_Fortec,点焊,0,
FD42_070RB_300,HOP,250410-250516,143395.0,KR360_R2830_Fortec,点焊,0,
FD42_080RB_100,HOP,250410-250516,461453.0,KR240_R2900_ultra,抓手,0,
FD42_080RB_200,HOP,250410-250516,355467.0,KR360_R2830_Fortec,点焊,0,
FD42_090RB_100,HOP,250410-250516,331611.0,KR210_R3100_ultra,抓手,0,
FD42_110RB_100,HOP,250410-250516,341886.0,KR210_R3100_ultra,涂胶+抓手,0,
FD42_120RB_100,HOP,250410-250516,692554.0,KR210_R3100_ultra,抓手,0,
FD42_130RB_100,HOP,250410-250516,390525.0,KR600_R2830_Fortec,涂胶+抓手,0,
FD42_140RB_100,HOP,250410-250516,391653.0,KR600_R2830_Fortec,点焊,0,
FD42_170RB_100,HOP,250410-250516,774584.0,KR360_R2830_Fortec,抓手,0,
FD42_170RB_200,HOP,250410-250516,646623.0,KR210_R2700_prime,飞行焊,0,
FD42_180RB_100,HOP,250410-250516,451800.0,KR210_R2700_prime,飞行焊,0,
FD42_180RB_200,HOP,250410-250516,311127.0,KR420_R3330_Fortec,抓手,0,25.2改程序
FD42_200RB_100,HOP,250410-250516,386795.0,KR210_R3100_ultra,涂胶+抓手,0,
FD42_210RB_100,HOP,250410-250516,283360.0,KR360_R2830_Fortec,点焊,0,
FD42_210RB_200,HOP,250410-250516,246712.0,KR360_R2830_Fortec,点焊,0,
FD42_210RB_300,HOP,250410-250516,209096.0,KR360_R2830_Fortec,点焊,0,2025.2改程序
FD42_220RB_100,HOP,250410-250516,600238.0,KR210_R3100_ultra,抓手,0,
FD42_220RB_200,HOP,250410-250516,302797.0,KR360_R2830_Fortec,点焊,0,2025.2月改程序
FD42_240RB_100,HOP,250410-250516,430524.0,KR210_R3100_ultra,点焊,0,
FD42_240RB_200,HOP,250410-250516,269064.0,KR360_R2830_Fortec,抓手,0,
FD44_260RB_100,HOP,250410-250516,511775.0,KR210_R3100_ultra,涂胶+抓手,0,
FD44_270RB_100,HOP,250410-250516,294127.0,KR180_R2900_prime,涂胶,0,
FD44_270RB_200,HOP,250410-250516,507969.0,KR210_R3100_ultra,抓手,0,
FD44_280RB_100,HOP,250410-250516,503914.0,KR240_R2900_ultra,滚边,0,
FD44_280RB_200,HOP,250410-250516,527922.0,KR420_R3330_Fortec,抓手,0,
FD44_280RB_300,HOP,250410-250516,341653.0,KR240_R2900_ultra,滚边,0,
FD44_280RB_400,HOP,250410-250516,445012.0,KR240_R2900_ultra,滚边,0,
FD44_280RB_500,HOP,250410-250516,445659.0,KR240_R2900_ultra,滚边,0,
FD44_290RB_100,HOP,250410-250516,199433.0,KR210_R3100_ultra,抓手,0,
FD44_300RB_100,HOP,250410-250516,309693.0,KR210_R3100_ultra,抓手,0,
FD44_310RB_100,HOP,2025-07-30_2025-09-03,462088.0,KR240_R2900_ultra,抓手,0,5月改程序
FD44_330RB_100,HOP,2025-07-30_2025-09-03,340346.0,KR210_R3100_ultra,抓手,0,7月换齿轮箱
FD44_320RB_100,HOP,250410-250516,311546.0,KR180_R2900_prime,博赛,0,
KV41_010RB_100,HOP,250410-250516,491402.0,KR210_R3100_ultra,抓手,0,
KV41_020RB_100,HOP,250410-250516,491037.0,KR210_R3100_ultra,抓手,0,
KV41_030RB_100,HOP,250410-250516,407081.0,KR240_R2900_ultra,压铆,0,
KV41_040RB_100,HOP,250410-250516,443141.0,KR240_R2900_ultra,压铆,0,
KV41_050RB_100,HOP,250410-250516,612778.0,KR210_R3100_ultra,抓手,0,
KV41_060RB_100,HOP,250410-250516,614130.0,KR210_R3100_ultra,抓手,0,
KV41_050RB_200,HOP,250410-250516,415639.0,KR240_R2900_ultra,压铆,0,
KV41_060RB_200,HOP,250410-250516,415838.0,KR240_R2900_ultra,压铆,0,
KV41_070RB_100,HOP,250410-250516,549144.0,KR210_R3100_ultra,抓手,0,
KV41_080RB_100,HOP,250410-250516,543486.0,KR210_R3100_ultra,抓手,0,
KV41_090RB_100,HOP,250410-250516,277080.0,KR180_R2900_prime,涂胶,0,
KV41_100RB_100,HOP,250410-250516,304720.0,KR210_R3100_ultra,抓手,0,
KV41_110RB_100,HOP,250410-250516,474706.0,KR360_R2830_Fortec,Downhold,0,
KV41_110RB_200,HOP,250410-250516,289305.0,KR240_R2900_ultra,滚边,0,
KV41_120RB_100,HOP,250410-250516,483896.0,KR360_R2830_Fortec,Downhold,0,
KV41_120RB_200,HOP,250410-250516,294429.0,KR240_R2900_ultra,滚边,0,
KV41_130RB_100,HOP,250410-250516,417818.0,KR240_R2900_ultra,抓手,0,
KV41_140RB_100,HOP,250410-250516,414882.0,KR240_R2900_ultra,抓手,0,
KV41_150RB_100,HOP,250410-250516,372857.0,KR360_R2830_Fortec,抓手,0,2月改
KV41_160RB_100,HOP,250410-250516,362371.0,KR360_R2830_Fortec,抓手,0,
KV41_170RB_100,HOP,250410-250516,388455.0,KR210_R2700_prime,抓手,0,
DZ41_010RB_100,HOP,250410-250516,6980.0,KR240_R2900_ultra,涂胶+抓手,0,
DZ41_020RB_100,HOP,250410-250516,2585.0,KR180_R2900_prime,涂胶,0,
DZ41_030RB_100,HOP,250410-250516,12244.0,KR210_R3100_ultra,抓手,0,
DZ41_050RB_100,HOP,250410-250516,2776.0,KR360_R2830_Fortec,抓手,0,
DZ41_040RB_100,HOP,2025-07-30_2025-09-03,24367.0,KR240_R2900_ultra,滚边,0,参照过少，8月需要改参照
DZ41_040RB_200,HOP,250410-250516,7885.0,KR240_R2900_ultra,滚边,0,
DZ41_060RB_100,HOP,250410-250516,10337.0,KR240_R2900_ultra,抓手+压铆,0,
DZ41_070RB_100,HOP,250410-250516,9756.0,KR210_R2700_prime,抓手,0,
DZ41_080RB_100,HOP,250410-250516,10984.0,KR240_R2900_ultra,抓手,0,
DZ41_060RB_200,HOP,250410-250516,4508.0,KR240_R2900_ultra,压铆,0,
DZ41_080RB_200,HOP,250410-250516,3339.0,KR240_R2900_ultra,压铆,0,
DZ41_090RB_100,HOP,250410-250516,3472.0,KR210_R3100_ultra,抓手,0,
DZ41_080RB_300,HOP,250410-250516,3389.0,KR240_R2900_ultra,压铆,0,
DZ41_080RB_400,HOP,2025-07-30_2025-09-03,9442.0,KR240_R2900_ultra,压铆,0,8月需要改参照
HD41_010RB_100,HOP,250410-250516,512566.0,KR210_R3100_ultra,涂胶+抓手,0,
HD41_020RB_100,HOP,250410-250516,662701.0,KR600_R2830_Fortec,抓手,0,
HD41_040RB_100,HOP,250410-250516,401408.0,KR210_R2700_prime,IPFO,0,
HD41_110RB_100,HOP,250410-250516,534498.0,KR600_R2830_Fortec,Downholder,0,
HD41_120RB_100,HOP,250410-250516,526967.0,KR240_R2900_ultra,滚边,0,
HD41_120RB_200,HOP,250410-250516,362612.0,KR240_R2900_ultra,滚边,0,
HD41_120RB_300,HOP,250410-250516,311170.0,KR240_R2900_ultra,滚边,0,
HD41_150RB_100,HOP,250410-250516,368446.0,KR240_R2900_ultra,抓手,0,2025.2改程序
HD41_160RB_100,HOP,250410-250516,311773.0,KR180_R2900_prime,博赛,0,
HD41_100RB_100,HOP,250410-250516,291640.0,KR240_R2900_ultra,涂胶,0,
HD41_200RB_100,HOP,250410-250516,199892.0,KR240_R2900_ultra,抓手,0,
HD41_060RB_100,HOP,250410-250516,403858.0,KR600_R2830_Fortec,抓手,0,
HD41_070RB_100,HOP,250410-250516,525817.0,KR210_R2700_prime,ALO3,0,
HD41_100RB_200,HOP,250410-250516,250167.0,KR180_R2900_prime,涂胶,0,
HD41_050RB_100,HOP,250410-250516,322081.0,KR240_R2900_ultra,抓手,0,
HD41_080RB_100,HOP,250410-250516,367019.0,KR420_R3330_Fortec,抓手,0,
HD41_080RB_200,HOP,250410-250516,135246.0,KR210_R2700_prime,HER,0,
HD41_130RB_100,HOP,20231020-20231208,234230.0,KR240_R2900_ultra,抓手,0,
MH41_010RB_100,HOP,2025-07-30_2025-09-03,571029.0,KR210_R3100_ultra,抓手,0,2025.6改程序
MH41_020RB_100,HOP,250410-250516,434272.0,KR210_R3100_ultra,抓手,0,2025.2改程序
MH41_030RB_100,HOP,250410-250516,370945.0,KR240_R2900_ultra,压铆,0,
MH41_030RB_200,HOP,250410-250516,353941.0,KR240_R2900_ultra,压铆,0,
MH41_030RB_300,HOP,250410-250516,355268.0,KR240_R2900_ultra,压铆,0,
MH41_030RB_400,HOP,250410-250516,329897.0,KR240_R2900_ultra,压铆,0,
MH41_040RB_100,HOP,250410-250516,633911.0,KR210_R3100_ultra,抓手,0,
MH41_050RB_100,HOP,2025-07-30_2025-09-03,539883.0,KR210_R3100_ultra,抓手,0,8月需要改参照
MH41_060RB_100,HOP,250410-250516,241472.0,KR240_R2900_ultra,压铆,0,
MH41_060RB_400,HOP,250410-250516,306144.0,KR240_R2900_ultra,压铆,0,
MH41_060RB_200,HOP,250410-250516,313320.0,KR240_R2900_ultra,压铆,0,
MH41_060RB_300,HOP,250410-250516,318997.0,KR240_R2900_ultra,压铆,0,
MH41_070RB_100,HOP,250410-250516,457916.0,KR210_R3100_ultra,抓手,0,
MH41_080RB_100,HOP,250410-250516,501909.0,KR240_R2900_ultra,抓手,0,2轴异常，9.9开始明显升高趋势
MH41_080RB_200,HOP,250410-250516,498101.0,KR240_R2900_ultra,抓手,0,
MH41_090RB_100,HOP,250410-250516,349086.0,KR210_R3100_ultra,抓手,0,3.30改程序
MH41_120RB_300,HOP,2025-07-30_2025-09-03,478084.0,KR210_R3100_ultra,抓手,0,8月需要改参照
MH41_130RB_100,HOP,250410-250516,229495.0,KR180_R2900_prime,涂胶,0,
MH41_130RB_200,HOP,250410-250516,238421.0,KR180_R2900_prime,涂胶,0,2月改
MH41_120RB_100,HOP,250410-250516,282791.0,KR180_R2900_prime,涂胶,0,
MH41_130RB_300,HOP,250410-250516,181742.0,KR210_R3100_ultra,抓手,0,
MH41_140RB_100,HOP,250410-250516,198336.0,KR210_R3100_ultra,抓手,0,
MH41_150RB_100,HOP,250410-250516,231817.0,KR600_R2830_Fortec,Downhold,0,25.2改程序
MH41_150RB_200,HOP,250410-250516,230028.0,KR600_R2830_Fortec,Downhold,0,
MH41_150RB_300,HOP,250410-250516,300193.0,KR240_R2900_ultra,滚边,0,
MH41_150RB_400,HOP,250410-250516,364764.0,KR240_R2900_ultra,滚边,0,
MH41_150RB_500,HOP,250410-250516,337995.0,KR240_R2900_ultra,滚边,0,压力异常，1月12号换
MH41_160RB_100,HOP,250410-250516,161758.0,KR600_R2830_Fortec,抓手,0,
MH41_170RB_100,HOP,250410-250516,505102.0,KR600_R2830_Fortec,Downhold,0,
MH41_170RB_200,HOP,250410-250516,351174.0,KR240_R2900_ultra,滚边,0,
MH41_170RB_300,HOP,250410-250516,361066.0,KR240_R2900_ultra,滚边,0,
MH41_180RB_100,HOP,250410-250516,549014.0,KR600_R2830_Fortec,抓手,0,4月初换电机齿轮箱
MH41_190RB_100,HOP,250410-250516,264031.0,KR600_R2830_Fortec,抓手,0,
MH41_200RB_100,HOP,250410-250516,373437.0,KR180_R2900_prime,博赛,0,2轴12月末开始快速恶化
MH41_210RB_100,HOP,2025-07-30_2025-09-03,348443.0,KR210_R3100_ultra,抓手,0,改程序，8月需要重做参照
MH41_110RB_100,HOP,2025-07-30_2025-09-03,500966.0,KR240_R2900_ultra,抓手,0,2月改
MH41_120RB_200,HOP,250410-250516,288840.0,KR180_R2900_prime,涂胶,0,
MH41_015RB_100,HOP,2025-07-30_2025-09-03,584164.0,KR210_R3100_ultra,抓手,0,25.7改程序
FD41_140RB_200,HOP,250410-250516,218334.0,KR360_R2830_Fortec,点焊,0,
FD42_140RB_200,HOP,250410-250516,219511.0,KR360_R2830_Fortec,点焊,0,
FD41_230RB_100,HOP,250410-250516,274738.0,KR360_R2830_Fortec,点焊,0,
FD42_230RB_100,HOP,250410-250516,235649.0,KR360_R2830_Fortec,点焊,0,
FD43_285RB_100,HOP,250410-250516,230920.0,KR420_R3330_Fortec,抓手,0,
FD43_285RB_200,HOP,250410-250516,63671.0,KR240_R2900_ultra,滚边,0,2月改
FD44_285RB_100,HOP,250410-250516,245622.0,KR420_R3330_Fortec,抓手,0,
FD44_285RB_200,HOP,250410-250516,129135.0,KR240_R2900_ultra,滚边,0,
FA41_030RB_300,HOP,250410-250516,112421.0,KR360_R2830_Fortec,点焊,0,
FA41_190RB_200,HOP,2025-07-30_2025-09-03,106443.0,KR360_R2830_Fortec,点焊,0,8月初改参照
FA41_200RB_100,HOP,250410-250516,267813.0,KR360_R2830_Fortec,点焊,0,8.12改程序
FA41_200RB_300,HOP,250410-250516,261376.0,KR360_R2830_Fortec,点焊,0,
FA42_030RB_300,HOP,250410-250516,107786.0,KR360_R2830_Fortec,点焊,0,2.5程序修改
FA42_190RB_200,HOP,250410-250516,95474.0,KR360_R2830_Fortec,点焊,0,2025.2改程序
FA42_200RB_100,HOP,250410-250516,274476.0,KR360_R2830_Fortec,点焊,0,9.1改程序
FA42_200RB_300,HOP,250410-250516,225478.0,KR360_R2830_Fortec,点焊,0,
MH41_070RB_200,HOP,250410-250516,77414.0,KR240_R2900_ultra,压铆,0,
MH41_070RB_300,HOP,250410-250516,77906.0,KR240_R2900_ultra,压铆,0,
MH41_160RB_200,HOP,250410-250516,7.0,KR180_R2900_prime,涂胶,0,
FA41_070RB_200,HOP,250410-250516,78849.0,KR360_R2830_Fortec,点焊,0,
FA41_070RB_300,HOP,250410-250516,101533.0,KR360_R2830_Fortec,点焊,0,
FA42_070RB_200,HOP,250410-250516,79931.0,KR360_R2830_Fortec,点焊,0,
FA42_070RB_300,HOP,250410-250516,104413.0,KR360_R2830_Fortec,点焊,0,
FD41_230RB_200,HOP,250410-250516,117705.0,KR360_R2830_Fortec,点焊,0,2025.2改程序
FD42_230RB_200,HOP,250410-250516,113971.0,KR360_R2830_Fortec,点焊,0,
